Clockwork Automaton,Daring Fire-Eater,Black Cat,Stargazer Luna,Pyromaniac,Explosive Runes,Mirror Entity,Jan'alai, the Dragonhawk,Leeroy Jenkins,Fire Fly,Arcane Missiles,Cinderstorm,Counterspell,Fungalmancer,Baku the Mooneater,Secretkeeper,Kirin Tor Mage,Dire Mole,60.42,HIGH
Vicious Fledgling,Clockwork Automaton,Daring Fire-Eater,Black Cat,Stargazer Luna,Pyromaniac,Explosive Runes,Jan'alai, the Dragonhawk,Leeroy Jenkins,Fire Fly,Arcane Missiles,Cinderstorm,Counterspell,Fungalmancer,Baku the Mooneater,Secretkeeper,Kirin Tor Mage,Dire Mole,60.34,HIGH
Subject 9,Clockwork Automaton,Daring Fire-Eater,Black Cat,Stargazer Luna,Pyromaniac,Explosive Runes,Splitting Image,Mirror Entity,Jan'alai, the Dragonhawk,Leeroy Jenkins,Fire Fly,Argent Squire,Arcane Missiles,Cinderstorm,Counterspell,Fungalmancer,Baku the Mooneater,Secretkeeper,Kirin Tor Mage,59.93,HIGH
Tar Creeper,Flamestrike,Daring Fire-Eater,Zilliax,Black Cat,Arcane Tyrant,Pyromaniac,Dragon's Fury,Jan'alai, the Dragonhawk,Frost Lich Jaina,Stonehill Defender,Fire Fly,Zola the Gorgon,Voodoo Doll,Harrison Jones,Blazecaller,Baku the Mooneater,Astromancer,59.85,HIGH
Clockwork Automaton,Daring Fire-Eater,Black Cat,Pyromaniac,Explosive Runes,Mirror Entity,Jan'alai, the Dragonhawk,Leeroy Jenkins,Fire Fly,Arcane Missiles,Cinderstorm,Counterspell,Fungalmancer,Arcane Intellect,Baku the Mooneater,Secretkeeper,Kirin Tor Mage,Dire Mole,59.44,HIGH
Tar Creeper,Flamestrike,Daring Fire-Eater,Zilliax,Black Cat,Arcane Tyrant,Pyromaniac,Dragon's Fury,Jan'alai, the Dragonhawk,Frost Lich Jaina,Fire Fly,Zola the Gorgon,Voodoo Doll,Blazecaller,Ironbeak Owl,Baku the Mooneater,Gluttonous Ooze,Tinkmaster Overspark,Astromancer,59.43,HIGH
Clockwork Automaton,Daring Fire-Eater,Black Cat,Stargazer Luna,Pyromaniac,Explosive Runes,Jan'alai, the Dragonhawk,Fire Fly,Arcane Missiles,Cinderstorm,Counterspell,Fungalmancer,Baku the Mooneater,Secretkeeper,Kirin Tor Mage,Nightblade,Dire Mole,59.03,HIGH
Subject 9,Daring Fire-Eater,Black Cat,Stargazer Luna,Pyromaniac,Explosive Runes,Mirror Entity,Jan'alai, the Dragonhawk,Leeroy Jenkins,Fire Fly,Arcane Missiles,Cinderstorm,Counterspell,Fungalmancer,Baku the Mooneater,Secretkeeper,Kirin Tor Mage,Dire Mole,58.84,HIGH
Clockwork Automaton,Daring Fire-Eater,Black Cat,Pyromaniac,Explosive Runes,Jan'alai, the Dragonhawk,Leeroy Jenkins,Fire Fly,Arcane Missiles,Cinderstorm,Counterspell,Fungalmancer,Baku the Mooneater,Secretkeeper,Kirin Tor Mage,Dire Mole,Nightblade,58.76,HIGH
Clockwork Automaton,Daring Fire-Eater,Black Cat,Stargazer Luna,Pyromaniac,Explosive Runes,Jan'alai, the Dragonhawk,Fire Fly,Arcane Missiles,Cinderstorm,Counterspell,Fungalmancer,Baku the Mooneater,Secretkeeper,Kirin Tor Mage,Nightblade,Dire Mole,58.75,HIGH
Tar Creeper,Flamestrike,Daring Fire-Eater,Black Cat,Arcane Tyrant,Pyromaniac,Dragon's Fury,Jan'alai, the Dragonhawk,Alexstrasza,Frost Lich Jaina,Stonehill Defender,Fire Fly,Voodoo Doll,Blast Wave,Baron Geddon,Baku the Mooneater,Gluttonous Ooze,Astromancer,58.68,HIGH
Clockwork Automaton,Daring Fire-Eater,Black Cat,Stargazer Luna,Pyromaniac,Explosive Runes,Mirror Entity,Jan'alai, the Dragonhawk,Leeroy Jenkins,Fire Fly,Arcane Missiles,Cinderstorm,Counterspell,Fungalmancer,Baku the Mooneater,Secretkeeper,Kirin Tor Mage,Dire Mole,58.56,HIGH
Clockwork Automaton,Daring Fire-Eater,Black Cat,Pyromaniac,Explosive Runes,Jan'alai, the Dragonhawk,Leeroy Jenkins,Fire Fly,Arcane Missiles,Cinderstorm,Counterspell,Fungalmancer,Arcane Intellect,Baku the Mooneater,Secretkeeper,Kirin Tor Mage,Dire Mole,Nightblade,58.2,HIGH
Tar Creeper,Flamestrike,Daring Fire-Eater,Zilliax,Black Cat,Arcane Tyrant,Pyromaniac,Dragon's Fury,Jan'alai, the Dragonhawk,Alexstrasza,Frost Lich Jaina,Faceless Manipulator,Stonehill Defender,Fire Fly,Voodoo Doll,Arcane Artificer,Blast Wave,Baku the Mooneater,Gluttonous Ooze,Astromancer,58.19,HIGH
Tar Creeper,Flamestrike,Daring Fire-Eater,Zilliax,Black Cat,Arcane Tyrant,Pyromaniac,Dragon's Fury,Jan'alai, the Dragonhawk,Frost Lich Jaina,Stonehill Defender,Fire Fly,Zola the Gorgon,Voodoo Doll,Blazecaller,Blast Wave,Ironbeak Owl,Baku the Mooneater,Astromancer,58.15,HIGH
Subject 9,Daring Fire-Eater,Black Cat,Stargazer Luna,Pyromaniac,Explosive Runes,Mirror Entity,Spellbender,Jan'alai, the Dragonhawk,Leeroy Jenkins,Fire Fly,Arcane Missiles,Cinderstorm,Counterspell,Fungalmancer,Baku the Mooneater,Secretkeeper,Kirin Tor Mage,Dire Mole,58.14,HIGH
Tar Creeper,Flamestrike,Daring Fire-Eater,Zilliax,Black Cat,Arcane Tyrant,Pyromaniac,Dragon's Fury,Jan'alai, the Dragonhawk,Alexstrasza,Frost Lich Jaina,Stonehill Defender,Fire Fly,Voodoo Doll,Blast Wave,Baron Geddon,Baku the Mooneater,Gluttonous Ooze,Astromancer,58.08,HIGH
Cosmic Anomaly,Stargazer Luna,Fireball,Explosive Runes,Frostbolt,Bloodmage Thalnos,Arcanologist,Shooting Star,Arcane Missiles,Cinderstorm,Sorcerer's Apprentice,Counterspell,Aluneth,Spellzerker,Arcane Intellect,Primordial Glyph,Kirin Tor Mage,58.07,HIGH
Tar Creeper,Flamestrike,Daring Fire-Eater,Zilliax,Black Cat,Arcane Tyrant,Pyromaniac,Dragon's Fury,Jan'alai, the Dragonhawk,Frost Lich Jaina,Stonehill Defender,Fire Fly,Zola the Gorgon,Witchwood Grizzly,Voodoo Doll,Blazecaller,Baku the Mooneater,Astromancer,58.03,HIGH
Clockwork Automaton,Daring Fire-Eater,Black Cat,Stargazer Luna,Pyromaniac,Explosive Runes,Jan'alai, the Dragonhawk,Leeroy Jenkins,Fire Fly,Arcane Missiles,Cinderstorm,Counterspell,Fungalmancer,Bittertide Hydra,Baku the Mooneater,Secretkeeper,Kirin Tor Mage,Dire Mole,57.91,HIGH
Tar Creeper,Flamestrike,Daring Fire-Eater,Zilliax,Black Cat,Arcane Tyrant,Pyromaniac,Dragon's Fury,Alexstrasza,Jan'alai, the Dragonhawk,Frost Lich Jaina,Stonehill Defender,Fire Fly,Zola the Gorgon,Voodoo Doll,Blast Wave,Baron Geddon,Baku the Mooneater,Gluttonous Ooze,Astromancer,57.8,HIGH
Clockwork Automaton,Daring Fire-Eater,Black Cat,Stargazer Luna,Pyromaniac,Explosive Runes,Mirror Entity,Jan'alai, the Dragonhawk,Leeroy Jenkins,Fire Fly,Arcane Missiles,Cinderstorm,Counterspell,Fungalmancer,Baku the Mooneater,Secretkeeper,Kirin Tor Mage,Dire Mole,57.79,HIGH
Subject 9,Daring Fire-Eater,Black Cat,Stargazer Luna,Pyromaniac,Explosive Runes,Splitting Image,Mirror Entity,Jan'alai, the Dragonhawk,Leeroy Jenkins,Fire Fly,Arcane Missiles,Cinderstorm,Counterspell,Fungalmancer,Baku the Mooneater,Secretkeeper,Kirin Tor Mage,Dire Mole,57.79,HIGH
Bonfire Elemental,Tar Creeper,Flamestrike,Daring Fire-Eater,Zilliax,Black Cat,Pyromaniac,Dragon's Fury,Jan'alai, the Dragonhawk,Frost Lich Jaina,Fire Fly,Zola the Gorgon,Glacial Shard,Voodoo Doll,Blazecaller,Baron Geddon,Ironbeak Owl,Baku the Mooneater,Gluttonous Ooze,Astromancer,57.72,HIGH
Tar Creeper,Flamestrike,Daring Fire-Eater,Zilliax,Black Cat,Arcane Tyrant,Pyromaniac,Dragon's Fury,Jan'alai, the Dragonhawk,Frost Lich Jaina,Stonehill Defender,Fire Fly,Voodoo Doll,Blazecaller,Blast Wave,Baku the Mooneater,Gluttonous Ooze,Astromancer,57.71,HIGH
Subject 9,Daring Fire-Eater,Black Cat,Stargazer Luna,Pyromaniac,Explosive Runes,Mirror Entity,Jan'alai, the Dragonhawk,Leeroy Jenkins,Fire Fly,Arcane Missiles,Cinderstorm,Counterspell,Fungalmancer,Baku the Mooneater,Secretkeeper,Kirin Tor Mage,Dire Mole,57.61,HIGH
Daring Fire-Eater,Black Cat,Stargazer Luna,Pyromaniac,Explosive Runes,Mirror Entity,Jan'alai, the Dragonhawk,Fire Fly,Argent Squire,Arcane Missiles,Cinderstorm,Counterspell,Cobalt Scalebane,Masked Contender,Baku the Mooneater,Secretkeeper,Kirin Tor Mage,57.61,HIGH
Skulking Geist,Flamestrike,Polymorph,Daring Fire-Eater,Zilliax,Arcane Tyrant,Arcane Keysmith,Blizzard,Acolyte of Pain,Dragon's Fury,Jan'alai, the Dragonhawk,Frost Lich Jaina,Stonehill Defender,Arcane Artificer,Baron Geddon,Prince Keleseth,Sindragosa,Meteor,The Lich King,Gluttonous Ooze,57.55,HIGH
Clockwork Automaton,Daring Fire-Eater,Black Cat,Stargazer Luna,Pyromaniac,Explosive Runes,Jan'alai, the Dragonhawk,Leeroy Jenkins,Fire Fly,Arcane Missiles,Cinderstorm,Counterspell,Fungalmancer,Baku the Mooneater,Secretkeeper,Kirin Tor Mage,Nightblade,Dire Mole,57.47,HIGH
Twilight Drake,Zilliax,Book of Specters,Kalecgos,Firetree Witchdoctor,Alexstrasza,Conjurer's Calling,Acidic Swamp Ooze,Voodoo Doll,Mind Control Tech,Harrison Jones,Dragonmaw Scorcher,Rotten Applebaum,Scaleworm,Crowd Roaster,Khadgar,Mountain Giant,Sunfury Protector,Astromancer,57.27,HIGH
Tar Creeper,Flamestrike,Daring Fire-Eater,Zilliax,Black Cat,Arcane Tyrant,Pyromaniac,Dragon's Fury,Jan'alai, the Dragonhawk,Frost Lich Jaina,Stonehill Defender,Fire Fly,Zola the Gorgon,Voodoo Doll,Blazecaller,Blast Wave,Baku the Mooneater,Gluttonous Ooze,Astromancer,57.26,HIGH
Clockwork Automaton,Daring Fire-Eater,Black Cat,Stargazer Luna,Pyromaniac,Splitting Image,Explosive Runes,Jan'alai, the Dragonhawk,Leeroy Jenkins,Fire Fly,Arcane Missiles,Cinderstorm,Counterspell,Fungalmancer,Baku the Mooneater,Secretkeeper,Kirin Tor Mage,Dire Mole,Nightblade,57.24,HIGH
Clockwork Automaton,Daring Fire-Eater,Black Cat,Pyromaniac,Explosive Runes,Mirror Entity,Jan'alai, the Dragonhawk,Leeroy Jenkins,Fire Fly,Arcane Missiles,Cinderstorm,Counterspell,Fungalmancer,Arcane Intellect,Baku the Mooneater,Secretkeeper,Kirin Tor Mage,Dire Mole,57.18,HIGH
Tar Creeper,Flamestrike,Daring Fire-Eater,Black Cat,Arcane Tyrant,Pyromaniac,Saronite Taskmaster,Dragon's Fury,Jan'alai, the Dragonhawk,Frost Lich Jaina,Stonehill Defender,Fire Fly,Voodoo Doll,Blast Wave,Baron Geddon,Baku the Mooneater,Gluttonous Ooze,Astromancer,57.16,HIGH
Tar Creeper,Flamestrike,Daring Fire-Eater,Zilliax,Black Cat,Arcane Tyrant,Pyromaniac,Dragon's Fury,Jan'alai, the Dragonhawk,Frost Lich Jaina,Stonehill Defender,Fire Fly,Zola the Gorgon,Voodoo Doll,Blazecaller,Blast Wave,Baku the Mooneater,Gluttonous Ooze,Astromancer,57.15,HIGH
Clockwork Automaton,Daring Fire-Eater,Black Cat,Stargazer Luna,Pyromaniac,Splitting Image,Explosive Runes,Jan'alai, the Dragonhawk,Leeroy Jenkins,Fire Fly,Arcane Missiles,Cinderstorm,Counterspell,Fungalmancer,Baku the Mooneater,Secretkeeper,Kirin Tor Mage,Dire Mole,57.14,HIGH
Rabble Bouncer,Twilight Drake,Zilliax,Book of Specters,Arcane Keysmith,Firetree Witchdoctor,Conjurer's Calling,Messenger Raven,Mind Control Tech,Voodoo Doll,Dragonmaw Scorcher,Archmage Arugal,Crowd Roaster,Ysera,Khadgar,Mountain Giant,Sunfury Protector,Astromancer,57.05,HIGH
Subject 9,Clockwork Automaton,Daring Fire-Eater,Black Cat,Stargazer Luna,Pyromaniac,Splitting Image,Explosive Runes,Mirror Entity,Jan'alai, the Dragonhawk,Leeroy Jenkins,Fire Fly,Argent Squire,Arcane Missiles,Cinderstorm,Counterspell,Baku the Mooneater,Secretkeeper,Kirin Tor Mage,56.91,HIGH
Tar Creeper,Flamestrike,Daring Fire-Eater,Zilliax,Black Cat,Arcane Tyrant,Pyromaniac,Dragon's Fury,Jan'alai, the Dragonhawk,Frost Lich Jaina,Stonehill Defender,Fire Fly,Zola the Gorgon,Voodoo Doll,Blazecaller,Blast Wave,Ironbeak Owl,Baku the Mooneater,Gluttonous Ooze,56.89,HIGH
Tar Creeper,Flamestrike,Daring Fire-Eater,Zilliax,Black Cat,Arcane Tyrant,Pyromaniac,Dragon's Fury,Jan'alai, the Dragonhawk,Frost Lich Jaina,Stonehill Defender,Fire Fly,Zola the Gorgon,Voodoo Doll,Blazecaller,Blast Wave,Baku the Mooneater,Gluttonous Ooze,Astromancer,56.88,HIGH
Twilight Drake,Daring Fire-Eater,Polymorph,Zilliax,Arcane Tyrant,Blizzard,Raven Familiar,Firetree Witchdoctor,Dragon's Fury,Alexstrasza,Frost Lich Jaina,Stonehill Defender,Primordial Drake,Arcane Artificer,Dragonmaw Scorcher,Sindragosa,Crowd Roaster,Meteor,56.87,HIGH
Cosmic Anomaly,Stargazer Luna,Fireball,Explosive Runes,Frostbolt,Arcanologist,Shooting Star,Arcane Missiles,Cinderstorm,Sorcerer's Apprentice,Counterspell,Aluneth,Spellzerker,Arcane Intellect,Primordial Glyph,Secretkeeper,Kirin Tor Mage,56.82,HIGH
Clockwork Automaton,Daring Fire-Eater,Black Cat,Stargazer Luna,Pyromaniac,Explosive Runes,Jan'alai, the Dragonhawk,Leeroy Jenkins,Fire Fly,Arcane Missiles,Cinderstorm,Counterspell,Fungalmancer,Baku the Mooneater,Secretkeeper,Kirin Tor Mage,Dire Mole,Nightblade,56.76,HIGH
Clockwork Automaton,Daring Fire-Eater,Black Cat,Stargazer Luna,Pyromaniac,Explosive Runes,Jan'alai, the Dragonhawk,Leeroy Jenkins,Fire Fly,Arcane Missiles,Cinderstorm,Counterspell,Fungalmancer,Baku the Mooneater,Secretkeeper,Kirin Tor Mage,Dire Mole,Nightblade,56.67,HIGH
Clockwork Automaton,Daring Fire-Eater,Black Cat,Stargazer Luna,Pyromaniac,Explosive Runes,Mirror Entity,Jan'alai, the Dragonhawk,Leeroy Jenkins,Fire Fly,Arcane Missiles,Cinderstorm,Counterspell,Cobalt Scalebane,Fungalmancer,Baku the Mooneater,Secretkeeper,Kirin Tor Mage,Nightblade,56.66,HIGH
Dragoncaller Alanna,Flamestrike,Doomsayer,Polymorph,Zilliax,Arcane Keysmith,Blizzard,Raven Familiar,Bright-Eyed Scout,Dragon's Fury,Frost Lich Jaina,Stonehill Defender,Arcane Artificer,Sindragosa,Meteor,The Lich King,Mountain Giant,Astromancer,56.62,HIGH
Subject 9,Clockwork Automaton,Daring Fire-Eater,Black Cat,Stargazer Luna,Pyromaniac,Splitting Image,Explosive Runes,Mirror Entity,Jan'alai, the Dragonhawk,Leeroy Jenkins,Fire Fly,Arcane Missiles,Cinderstorm,Counterspell,Baku the Mooneater,Secretkeeper,Kirin Tor Mage,Dire Mole,56.62,HIGH
Clockwork Automaton,Tar Creeper,Daring Fire-Eater,Black Cat,Stargazer Luna,Pyromaniac,Saronite Taskmaster,Explosive Runes,Jan'alai, the Dragonhawk,Leeroy Jenkins,Fire Fly,Arcane Missiles,Cinderstorm,Counterspell,Bittertide Hydra,Baku the Mooneater,Secretkeeper,Kirin Tor Mage,Dire Mole,56.53,HIGH
Clockwork Automaton,Daring Fire-Eater,Black Cat,Pyromaniac,Explosive Runes,Jan'alai, the Dragonhawk,Leeroy Jenkins,Fire Fly,Arcane Missiles,Cinderstorm,Counterspell,Fungalmancer,Baku the Mooneater,Secretkeeper,Kirin Tor Mage,Dire Mole,Nightblade,56.5,HIGH
Skulking Geist,Flamestrike,Daring Fire-Eater,Polymorph,Zilliax,Arcane Tyrant,Arcane Keysmith,Blizzard,Acolyte of Pain,Dragon's Fury,Jan'alai, the Dragonhawk,Alexstrasza,Frost Lich Jaina,Stonehill Defender,Arcane Artificer,Baron Geddon,Prince Keleseth,Meteor,The Lich King,Gluttonous Ooze,56.45,HIGH
Clockwork Automaton,Daring Fire-Eater,Black Cat,Stargazer Luna,Pyromaniac,Splitting Image,Explosive Runes,Mirror Entity,Jan'alai, the Dragonhawk,Leeroy Jenkins,Fire Fly,Arcane Missiles,Cinderstorm,Counterspell,Fungalmancer,Baku the Mooneater,Secretkeeper,Kirin Tor Mage,Dire Mole,56.45,HIGH
Tar Creeper,Flamestrike,Daring Fire-Eater,Zilliax,Black Cat,Arcane Tyrant,Pyromaniac,Dragon's Fury,Jan'alai, the Dragonhawk,Frost Lich Jaina,Stonehill Defender,Fire Fly,Zola the Gorgon,Voodoo Doll,Arcane Artificer,Blazecaller,Blast Wave,Baron Geddon,Baku the Mooneater,Gluttonous Ooze,56.43,HIGH
Bonfire Elemental,Tar Creeper,Flamestrike,Daring Fire-Eater,Zilliax,Black Cat,Arcane Tyrant,Pyromaniac,Dragon's Fury,Jan'alai, the Dragonhawk,Leeroy Jenkins,Frost Lich Jaina,Fire Fly,Zola the Gorgon,Voodoo Doll,Blazecaller,Blast Wave,Baku the Mooneater,Astromancer,56.38,HIGH
Tar Creeper,Flamestrike,Daring Fire-Eater,Zilliax,Black Cat,Arcane Tyrant,Pyromaniac,Dragon's Fury,Jan'alai, the Dragonhawk,Leeroy Jenkins,Frost Lich Jaina,Stonehill Defender,Fire Fly,Zola the Gorgon,Voodoo Doll,Blazecaller,Blast Wave,Baku the Mooneater,Astromancer,56.36,HIGH
Clockwork Automaton,Daring Fire-Eater,Black Cat,Pyromaniac,Acolyte of Pain,Explosive Runes,Jan'alai, the Dragonhawk,Leeroy Jenkins,Fire Fly,Arcane Missiles,Cinderstorm,Counterspell,Fungalmancer,Baku the Mooneater,Secretkeeper,Kirin Tor Mage,Nightblade,Dire Mole,56.25,HIGH
Bonfire Elemental,Tar Creeper,Flamestrike,Daring Fire-Eater,Zilliax,Black Cat,Pyromaniac,Dragon's Fury,Jan'alai, the Dragonhawk,Frost Lich Jaina,Fire Fly,Zola the Gorgon,Voodoo Doll,Arcane Artificer,Blazecaller,Blast Wave,Baron Geddon,Baku the Mooneater,Gluttonous Ooze,56.2,HIGH
Subject 9,Clockwork Automaton,Daring Fire-Eater,Black Cat,Stargazer Luna,Pyromaniac,Explosive Runes,Splitting Image,Mirror Entity,Jan'alai, the Dragonhawk,Leeroy Jenkins,Fire Fly,Argent Squire,Void Ripper,Arcane Missiles,Cinderstorm,Counterspell,Baku the Mooneater,Secretkeeper,Kirin Tor Mage,56.13,HIGH
Clockwork Automaton,Daring Fire-Eater,Black Cat,Stargazer Luna,Pyromaniac,Explosive Runes,Mirror Entity,Spellbender,Jan'alai, the Dragonhawk,Leeroy Jenkins,Fire Fly,Shooting Star,Arcane Missiles,Cinderstorm,Counterspell,Masked Contender,Baku the Mooneater,Secretkeeper,Kirin Tor Mage,56.13,HIGH
Twilight Drake,Rabble Bouncer,Zilliax,Book of Specters,Kalecgos,Firetree Witchdoctor,Conjurer's Calling,Acidic Swamp Ooze,Power of Creation,Mind Control Tech,Voodoo Doll,Harrison Jones,Dragonmaw Scorcher,Scaleworm,Khadgar,Proud Defender,Mountain Giant,Sunfury Protector,56.1,HIGH
Tar Creeper,Flamestrike,Daring Fire-Eater,Zilliax,Black Cat,Arcane Tyrant,Pyromaniac,Dragon's Fury,Jan'alai, the Dragonhawk,Frost Lich Jaina,Stonehill Defender,Fire Fly,Zola the Gorgon,Voodoo Doll,Blast Wave,Baron Geddon,Baku the Mooneater,Gluttonous Ooze,Astromancer,56.1,HIGH
Tar Creeper,Flamestrike,Daring Fire-Eater,Zilliax,Black Cat,Arcane Tyrant,Pyromaniac,Dragon's Fury,Jan'alai, the Dragonhawk,Frost Lich Jaina,Stonehill Defender,Fire Fly,Zola the Gorgon,Voodoo Doll,Blazecaller,Ironbeak Owl,Baku the Mooneater,Gluttonous Ooze,Astromancer,56.06,HIGH
Clockwork Automaton,Daring Fire-Eater,Black Cat,Stargazer Luna,Pyromaniac,Explosive Runes,Jan'alai, the Dragonhawk,Leeroy Jenkins,Fire Fly,Arcane Missiles,Cinderstorm,Counterspell,Fungalmancer,Baku the Mooneater,Secretkeeper,Kirin Tor Mage,Dire Mole,56.04,HIGH
Twilight Drake,Zilliax,Book of Specters,Kalecgos,Firetree Witchdoctor,Conjurer's Calling,Power of Creation,Acidic Swamp Ooze,Mind Control Tech,Dragonmaw Scorcher,Rotten Applebaum,Scaleworm,Crowd Roaster,Khadgar,Mountain Giant,Safeguard,Sunfury Protector,Astromancer,55.96,HIGH
Tar Creeper,Flamestrike,Daring Fire-Eater,Zilliax,Black Cat,Arcane Tyrant,Pyromaniac,Dragon's Fury,Jan'alai, the Dragonhawk,Frost Lich Jaina,Stonehill Defender,Fire Fly,Zola the Gorgon,Voodoo Doll,Blazecaller,Blast Wave,Baku the Mooneater,Gluttonous Ooze,Astromancer,55.94,HIGH
Tar Creeper,Flamestrike,Daring Fire-Eater,Zilliax,Black Cat,Arcane Tyrant,Pyromaniac,Saronite Taskmaster,Dragon's Fury,Jan'alai, the Dragonhawk,Frost Lich Jaina,Stonehill Defender,Fire Fly,Zola the Gorgon,Voodoo Doll,Blast Wave,Baku the Mooneater,Gluttonous Ooze,Astromancer,55.94,HIGH
Clockwork Automaton,Daring Fire-Eater,Zilliax,Black Cat,Stargazer Luna,Archmage Antonidas,Pyromaniac,Untamed Beastmaster,Jan'alai, the Dragonhawk,Leeroy Jenkins,Fire Fly,Breath of Sindragosa,Glacial Shard,Shooting Star,Arcane Missiles,Cinderstorm,Fungalmancer,Baku the Mooneater,Dire Mole,55.92,HIGH
Bonfire Elemental,Tar Creeper,Zilliax,Book of Specters,Tol'vir Stoneshaper,Spellbreaker,Frost Lich Jaina,Fire Fly,Glacial Shard,Voodoo Doll,Fire Plume Phoenix,Blazecaller,Pyros,Archmage Arugal,The Lich King,Gluttonous Ooze,Mountain Giant,Mojomaster Zihi,Arcanosaur,55.89,HIGH
Clockwork Automaton,Daring Fire-Eater,Black Cat,Stargazer Luna,Pyromaniac,Explosive Runes,Jan'alai, the Dragonhawk,Leeroy Jenkins,Fire Fly,Zola the Gorgon,Arcane Missiles,Cinderstorm,Counterspell,Fungalmancer,Baku the Mooneater,Secretkeeper,Kirin Tor Mage,Dire Mole,55.87,HIGH
Bonfire Elemental,Tar Creeper,Flamestrike,Daring Fire-Eater,Zilliax,Black Cat,Arcane Tyrant,Pyromaniac,Dragon's Fury,Jan'alai, the Dragonhawk,Frost Lich Jaina,Stonehill Defender,Fire Fly,Zola the Gorgon,Voodoo Doll,Blazecaller,Blast Wave,Baku the Mooneater,Astromancer,55.83,HIGH
Tar Creeper,Flamestrike,Daring Fire-Eater,Zilliax,Black Cat,Arcane Tyrant,Pyromaniac,Dragon's Fury,Jan'alai, the Dragonhawk,Frost Lich Jaina,Stonehill Defender,Fire Fly,Zola the Gorgon,Voodoo Doll,Blazecaller,Ironbeak Owl,Baku the Mooneater,Gluttonous Ooze,Astromancer,55.75,HIGH
Tar Creeper,Flamestrike,Daring Fire-Eater,Zilliax,Black Cat,Arcane Tyrant,Pyromaniac,Dragon's Fury,Jan'alai, the Dragonhawk,Frost Lich Jaina,Stonehill Defender,Fire Fly,Zola the Gorgon,Voodoo Doll,Elise the Trailblazer,Blazecaller,Blast Wave,Baku the Mooneater,Gluttonous Ooze,Astromancer,55.74,HIGH
Tar Creeper,Flamestrike,Daring Fire-Eater,Zilliax,Black Cat,Arcane Tyrant,Pyromaniac,Dragon's Fury,Jan'alai, the Dragonhawk,Frost Lich Jaina,Stonehill Defender,Fire Fly,Zola the Gorgon,Voodoo Doll,Blazecaller,Blast Wave,Ironbeak Owl,Baku the Mooneater,Gluttonous Ooze,Astromancer,55.71,HIGH
Tar Creeper,Flamestrike,Daring Fire-Eater,Zilliax,Black Cat,Arcane Tyrant,Pyromaniac,Dragon's Fury,Jan'alai, the Dragonhawk,Frost Lich Jaina,Stonehill Defender,Fire Fly,Zola the Gorgon,Voodoo Doll,Blazecaller,Blast Wave,Baron Geddon,Baku the Mooneater,Gluttonous Ooze,Astromancer,55.7,HIGH
Tar Creeper,Flamestrike,Daring Fire-Eater,Zilliax,Black Cat,Arcane Tyrant,Pyromaniac,Dragon's Fury,Jan'alai, the Dragonhawk,Frost Lich Jaina,Stonehill Defender,Fire Fly,Zola the Gorgon,Voodoo Doll,Blazecaller,Baku the Mooneater,Gluttonous Ooze,Astromancer,55.67,HIGH
Doomsayer,Twilight Drake,Zilliax,Book of Specters,Firetree Witchdoctor,Conjurer's Calling,Acidic Swamp Ooze,Power of Creation,Mind Control Tech,Dragonmaw Scorcher,Rotten Applebaum,Scaleworm,Crowd Roaster,Khadgar,Mountain Giant,Safeguard,Sunfury Protector,Astromancer,55.66,HIGH
Tar Creeper,Flamestrike,Daring Fire-Eater,Zilliax,Black Cat,Arcane Tyrant,Pyromaniac,Dragon's Fury,Jan'alai, the Dragonhawk,Frost Lich Jaina,Stonehill Defender,Fire Fly,Zola the Gorgon,Voodoo Doll,Blazecaller,Blast Wave,Ironbeak Owl,Baku the Mooneater,Gluttonous Ooze,Astromancer,55.62,HIGH
Subject 9,Clockwork Automaton,Daring Fire-Eater,Black Cat,Stargazer Luna,Archmage Antonidas,Pyromaniac,Explosive Runes,Splitting Image,Mirror Entity,Jan'alai, the Dragonhawk,Leeroy Jenkins,Fire Fly,Arcane Missiles,Cinderstorm,Counterspell,Fungalmancer,Baku the Mooneater,Secretkeeper,Kirin Tor Mage,55.61,HIGH
Dragoncaller Alanna,Flamestrike,Daring Fire-Eater,Zilliax,Black Cat,Pyromaniac,Dragon's Fury,Jan'alai, the Dragonhawk,Alexstrasza,Frost Lich Jaina,Stonehill Defender,Zola the Gorgon,Voodoo Doll,Blackwald Pixie,Arcane Artificer,Blast Wave,Baron Geddon,Ironbeak Owl,Baku the Mooneater,Gluttonous Ooze,Astromancer,55.6,HIGH
Twilight Drake,Zilliax,Book of Specters,Kalecgos,Firetree Witchdoctor,Conjurer's Calling,Messenger Raven,Acidic Swamp Ooze,Power of Creation,Harrison Jones,Dragonmaw Scorcher,Rotten Applebaum,Scaleworm,Crowd Roaster,Khadgar,Mountain Giant,Safeguard,Sunfury Protector,Astromancer,55.5,HIGH
Subject 9,Clockwork Automaton,Daring Fire-Eater,Black Cat,Stargazer Luna,Pyromaniac,Explosive Runes,Mirror Entity,Jan'alai, the Dragonhawk,Leeroy Jenkins,Fire Fly,Argent Squire,Arcane Missiles,Cinderstorm,Counterspell,Baku the Mooneater,Secretkeeper,Kirin Tor Mage,55.49,HIGH
Twilight Drake,Zilliax,Book of Specters,Kalecgos,Firetree Witchdoctor,Conjurer's Calling,Messenger Raven,Power of Creation,Acidic Swamp Ooze,Mind Control Tech,Voodoo Doll,Dragonmaw Scorcher,Scaleworm,Crowd Roaster,Khadgar,Mountain Giant,Sunfury Protector,Mossy Horror,Astromancer,55.44,HIGH
Twilight Drake,Zilliax,Book of Specters,Kalecgos,Firetree Witchdoctor,Conjurer's Calling,Messenger Raven,Acidic Swamp Ooze,Power of Creation,Harrison Jones,Dragonmaw Scorcher,Rotten Applebaum,Scaleworm,Crowd Roaster,Khadgar,Mountain Giant,Safeguard,Sunfury Protector,Astromancer,55.37,HIGH
Twilight Drake,Zilliax,Book of Specters,Firetree Witchdoctor,Conjurer's Calling,Messenger Raven,Acidic Swamp Ooze,Power of Creation,Harrison Jones,Dragonmaw Scorcher,Rotten Applebaum,Scaleworm,Crowd Roaster,Khadgar,Mountain Giant,Safeguard,Sunfury Protector,Mossy Horror,Astromancer,55.31,HIGH
Coldlight Seer,Nightmare Amalgam,Book of Specters,Stargazer Luna,Gentle Megasaur,Murloc Tidecaller,Fireball,Murloc Warleader,Frostbolt,Grimscale Oracle,Bluegill Warrior,Rockpool Hunter,Aluneth,Murloc Raider,Murloc Tidehunter,Primalfin Lookout,55.3,HIGH
Twilight Drake,Zilliax,Book of Specters,Firetree Witchdoctor,Alexstrasza,Conjurer's Calling,Power of Creation,Acidic Swamp Ooze,Mind Control Tech,Harrison Jones,Dragonmaw Scorcher,Rotten Applebaum,Scaleworm,Crowd Roaster,Khadgar,Mountain Giant,Safeguard,Sunfury Protector,Astromancer,55.26,HIGH
Twilight Drake,Zilliax,Book of Specters,Kalecgos,Firetree Witchdoctor,Conjurer's Calling,Messenger Raven,Power of Creation,Acidic Swamp Ooze,Harrison Jones,Voodoo Doll,Dragonmaw Scorcher,Rotten Applebaum,Scaleworm,Crowd Roaster,Khadgar,Mountain Giant,Astromancer,55.26,HIGH
Twilight Drake,Rabble Bouncer,Zilliax,Book of Specters,Kalecgos,Firetree Witchdoctor,Alexstrasza,Conjurer's Calling,Power of Creation,Mind Control Tech,Harrison Jones,Dragonmaw Scorcher,Scaleworm,Crowd Roaster,Khadgar,Mountain Giant,Sunfury Protector,Mossy Horror,55.25,HIGH
Skulking Geist,Dragoncaller Alanna,Flamestrike,Polymorph,Daring Fire-Eater,Zilliax,Arcane Tyrant,Arcane Keysmith,Blizzard,Acolyte of Pain,Dragon's Fury,Jan'alai, the Dragonhawk,Frost Lich Jaina,Stonehill Defender,Arcane Artificer,Prince Keleseth,Sindragosa,Meteor,The Lich King,Gluttonous Ooze,55.24,HIGH
Twilight Drake,Zilliax,Book of Specters,Firetree Witchdoctor,Alexstrasza,Conjurer's Calling,Messenger Raven,Power of Creation,Acidic Swamp Ooze,Voodoo Doll,Mind Control Tech,Dragonmaw Scorcher,Scaleworm,Crowd Roaster,Khadgar,Mountain Giant,Sunfury Protector,Astromancer,55.24,HIGH
Clockwork Automaton,Daring Fire-Eater,Black Cat,Pyromaniac,Explosive Runes,Jan'alai, the Dragonhawk,Leeroy Jenkins,Fire Fly,Arcane Missiles,Cinderstorm,Counterspell,Fungalmancer,Baku the Mooneater,Secretkeeper,Kirin Tor Mage,Nightblade,Dire Mole,55.21,MEDIUM
Skulking Geist,Dragoncaller Alanna,Flamestrike,Polymorph,Daring Fire-Eater,Zilliax,Blizzard,Arcane Keysmith,Acolyte of Pain,Dragon's Fury,Alexstrasza,Jan'alai, the Dragonhawk,Frost Lich Jaina,Stonehill Defender,Arcane Artificer,Baron Geddon,Prince Keleseth,Sindragosa,Meteor,The Lich King,Gluttonous Ooze,55.15,MEDIUM
Twilight Drake,Zilliax,Book of Specters,Kalecgos,Firetree Witchdoctor,Conjurer's Calling,Acidic Swamp Ooze,Power of Creation,Mind Control Tech,Dragonmaw Scorcher,Rotten Applebaum,Scaleworm,Crowd Roaster,Khadgar,Mountain Giant,Safeguard,Sunfury Protector,Astromancer,55.1,MEDIUM
Flamestrike,Doomsayer,Daring Fire-Eater,Polymorph,Zilliax,Blizzard,Kalecgos,Jan'alai, the Dragonhawk,Conjurer's Calling,Messenger Raven,Power of Creation,Acidic Swamp Ooze,Blast Wave,Rotten Applebaum,Sunreaver Warmage,Arcane Intellect,Khadgar,Proud Defender,Mountain Giant,Astromancer,55.1,MEDIUM
Clockwork Automaton,Daring Fire-Eater,Black Cat,Pyromaniac,Explosive Runes,Mirror Entity,Jan'alai, the Dragonhawk,Leeroy Jenkins,Fire Fly,Arcane Missiles,Cinderstorm,Counterspell,Cobalt Scalebane,Fungalmancer,Arcane Intellect,Baku the Mooneater,Secretkeeper,Kirin Tor Mage,Nightblade,55.07,MEDIUM
Clockwork Automaton,Daring Fire-Eater,Black Cat,Stargazer Luna,Pyromaniac,Explosive Runes,Jan'alai, the Dragonhawk,Leeroy Jenkins,Fire Fly,Arcane Missiles,Cinderstorm,Counterspell,Baku the Mooneater,Secretkeeper,Kirin Tor Mage,Dire Mole,Nightblade,55.07,MEDIUM
Twilight Drake,Zilliax,Book of Specters,Kalecgos,Firetree Witchdoctor,Alexstrasza,Conjurer's Calling,Messenger Raven,Power of Creation,Acidic Swamp Ooze,Mind Control Tech,Voodoo Doll,Harrison Jones,Scaleworm,Crowd Roaster,Khadgar,Mountain Giant,Sunfury Protector,55.07,MEDIUM
Flamestrike,Twilight Drake,Zilliax,Book of Specters,Firetree Witchdoctor,Alexstrasza,Conjurer's Calling,Power of Creation,Acidic Swamp Ooze,Mind Control Tech,Ironbeak Owl,Dragonmaw Scorcher,Scaleworm,Crowd Roaster,Khadgar,Mountain Giant,Sunfury Protector,Astromancer,55.06,MEDIUM
Tar Creeper,Flamestrike,Daring Fire-Eater,Zilliax,Black Cat,Arcane Tyrant,Pyromaniac,Dragon's Fury,Jan'alai, the Dragonhawk,Frost Lich Jaina,Stonehill Defender,Fire Fly,Zola the Gorgon,Voodoo Doll,Blazecaller,Blast Wave,Baku the Mooneater,Astromancer,55.06,MEDIUM
Twilight Drake,Rabble Bouncer,Zilliax,Book of Specters,Kalecgos,Firetree Witchdoctor,Conjurer's Calling,Power of Creation,Acidic Swamp Ooze,Voodoo Doll,Mind Control Tech,Dragonmaw Scorcher,Scaleworm,Crowd Roaster,Ysera,Khadgar,Mountain Giant,Sunfury Protector,Mossy Horror,Astromancer,55.03,MEDIUM
Twilight Drake,Zilliax,Book of Specters,Kalecgos,Firetree Witchdoctor,Alexstrasza,Conjurer's Calling,Messenger Raven,Acidic Swamp Ooze,Power of Creation,Dragonmaw Scorcher,Rotten Applebaum,Scaleworm,Crowd Roaster,Khadgar,Mountain Giant,Safeguard,Sunfury Protector,Astromancer,54.97,MEDIUM
Tar Creeper,Flamestrike,Daring Fire-Eater,Zilliax,Black Cat,Arcane Tyrant,Pyromaniac,Dragon's Fury,Jan'alai, the Dragonhawk,Frost Lich Jaina,Stonehill Defender,Fire Fly,Zola the Gorgon,Voodoo Doll,Blazecaller,Blast Wave,Baku the Mooneater,Gluttonous Ooze,Astromancer,54.88,MEDIUM
Skulking Geist,Dragoncaller Alanna,Tar Creeper,Flamestrike,Polymorph,Daring Fire-Eater,Zilliax,Arcane Tyrant,Blizzard,Acolyte of Pain,Dragon's Fury,Jan'alai, the Dragonhawk,Frost Lich Jaina,Stonehill Defender,Arcane Artificer,Prince Keleseth,Sindragosa,Saronite Chain Gang,Meteor,The Lich King,Gluttonous Ooze,54.87,MEDIUM
Clockwork Automaton,Flamestrike,Daring Fire-Eater,Zilliax,Black Cat,Arcane Tyrant,Pyromaniac,Dragon's Fury,Jan'alai, the Dragonhawk,Frost Lich Jaina,Stonehill Defender,Fire Fly,Zola the Gorgon,Voodoo Doll,Blazecaller,Blast Wave,Ironbeak Owl,Baku the Mooneater,Gluttonous Ooze,Astromancer,54.86,MEDIUM
Twilight Drake,Zilliax,Book of Specters,Kalecgos,Firetree Witchdoctor,Conjurer's Calling,Power of Creation,Acidic Swamp Ooze,Mind Control Tech,Dragonmaw Scorcher,Rotten Applebaum,Scaleworm,Crowd Roaster,Khadgar,Mountain Giant,Safeguard,Sunfury Protector,Astromancer,54.83,MEDIUM
Cosmic Anomaly,Stargazer Luna,Fireball,Explosive Runes,Frostbolt,Arcanologist,Shooting Star,Lifedrinker,Arcane Missiles,Cinderstorm,Sorcerer's Apprentice,Counterspell,Aluneth,Spellzerker,Arcane Intellect,Primordial Glyph,Kirin Tor Mage,54.81,MEDIUM
Tar Creeper,Flamestrike,Daring Fire-Eater,Zilliax,Black Cat,Arcane Tyrant,Pyromaniac,Dragon's Fury,Jan'alai, the Dragonhawk,Frost Lich Jaina,Stonehill Defender,Fire Fly,Zola the Gorgon,Voodoo Doll,Blazecaller,Blast Wave,Ironbeak Owl,Rotten Applebaum,Baku the Mooneater,Gluttonous Ooze,54.8,MEDIUM
Flamestrike,Doomsayer,Zilliax,Blizzard,Kalecgos,Fireball,Alexstrasza,Conjurer's Calling,Acidic Swamp Ooze,Frostbolt,Bloodmage Thalnos,Novice Engineer,Loot Hoarder,Magic Trick,Frost Nova,Arcane Intellect,Khadgar,Mountain Giant,Astromancer,54.78,MEDIUM
Clockwork Automaton,Daring Fire-Eater,Black Cat,Stargazer Luna,Archmage Antonidas,Pyromaniac,Untamed Beastmaster,Jan'alai, the Dragonhawk,Leeroy Jenkins,Fire Fly,Breath of Sindragosa,Zola the Gorgon,Glacial Shard,Shooting Star,Arcane Missiles,Cinderstorm,Fungalmancer,Baku the Mooneater,Dire Mole,54.76,MEDIUM
Dragoncaller Alanna,Flamestrike,Doomsayer,Daring Fire-Eater,Polymorph,Blizzard,Arcane Keysmith,Raven Familiar,Pyromaniac,Dragon's Fury,Jan'alai, the Dragonhawk,Frost Lich Jaina,Stonehill Defender,Zola the Gorgon,Voodoo Doll,Arcane Artificer,Baron Geddon,Meteor,Gluttonous Ooze,54.74,MEDIUM
Subject 9,Daring Fire-Eater,Black Cat,Pyromaniac,Splitting Image,Explosive Runes,Mirror Entity,Jan'alai, the Dragonhawk,Leeroy Jenkins,Fire Fly,Arcane Missiles,Cinderstorm,Counterspell,Fungalmancer,Arcane Intellect,Baku the Mooneater,Secretkeeper,Kirin Tor Mage,Dire Mole,54.73,MEDIUM
Twilight Drake,Zilliax,Book of Specters,Kalecgos,Firetree Witchdoctor,Conjurer's Calling,Messenger Raven,Power of Creation,Acidic Swamp Ooze,Dragonmaw Scorcher,Rotten Applebaum,Scaleworm,Crowd Roaster,Khadgar,Mountain Giant,Safeguard,Sunfury Protector,Astromancer,54.71,MEDIUM
Flamestrike,Doomsayer,Zilliax,Blizzard,Kalecgos,Fireball,Alexstrasza,Conjurer's Calling,Acidic Swamp Ooze,Frostbolt,Bloodmage Thalnos,Novice Engineer,Loot Hoarder,Ray of Frost,Frost Nova,Arcane Intellect,Khadgar,Mountain Giant,Astromancer,54.7,MEDIUM
Twilight Drake,Zilliax,Book of Specters,Kalecgos,Firetree Witchdoctor,Alexstrasza,Conjurer's Calling,Acidic Swamp Ooze,Mind Control Tech,Harrison Jones,Dragonmaw Scorcher,Rotten Applebaum,Scaleworm,Crowd Roaster,Khadgar,Mountain Giant,Sunfury Protector,Mossy Horror,Astromancer,54.67,MEDIUM
Twilight Drake,Zilliax,Book of Specters,Kalecgos,Firetree Witchdoctor,Conjurer's Calling,Messenger Raven,Power of Creation,Acidic Swamp Ooze,Harrison Jones,Dragonmaw Scorcher,Rotten Applebaum,Scaleworm,Crowd Roaster,Khadgar,Mountain Giant,Safeguard,Sunfury Protector,Astromancer,54.62,MEDIUM
Clockwork Automaton,Daring Fire-Eater,Black Cat,Pyromaniac,Explosive Runes,Mirror Entity,Jan'alai, the Dragonhawk,Leeroy Jenkins,Fire Fly,Arcane Missiles,Cinderstorm,Counterspell,Fungalmancer,Baku the Mooneater,Secretkeeper,Kirin Tor Mage,Nightblade,Dire Mole,54.61,MEDIUM
Tar Creeper,Flamestrike,Daring Fire-Eater,Black Cat,Stargazer Luna,Pyromaniac,Acolyte of Pain,Dragon's Fury,Jan'alai, the Dragonhawk,Alexstrasza,Frost Lich Jaina,Stonehill Defender,Fire Fly,Voodoo Doll,Arcane Artificer,Blast Wave,Baron Geddon,Baku the Mooneater,Gluttonous Ooze,54.58,MEDIUM
Twilight Drake,Zilliax,Book of Specters,Kalecgos,Firetree Witchdoctor,Conjurer's Calling,Messenger Raven,Power of Creation,Acidic Swamp Ooze,Harrison Jones,Dragonmaw Scorcher,Rotten Applebaum,Scaleworm,Crowd Roaster,Khadgar,Mountain Giant,Safeguard,Sunfury Protector,Mossy Horror,Astromancer,54.58,MEDIUM
Tar Creeper,Flamestrike,Daring Fire-Eater,Zilliax,Black Cat,Arcane Tyrant,Pyromaniac,Dragon's Fury,Jan'alai, the Dragonhawk,Frost Lich Jaina,Stonehill Defender,Fire Fly,Zola the Gorgon,Voodoo Doll,Blazecaller,Blast Wave,Ironbeak Owl,Baku the Mooneater,Gluttonous Ooze,Astromancer,54.56,MEDIUM
Twilight Drake,Zilliax,Book of Specters,Kalecgos,Firetree Witchdoctor,Conjurer's Calling,Messenger Raven,Acidic Swamp Ooze,Power of Creation,Dragonmaw Scorcher,Rotten Applebaum,Scaleworm,Crowd Roaster,Meteorologist,Khadgar,Mountain Giant,Safeguard,Sunfury Protector,Astromancer,54.55,MEDIUM
Twilight Drake,Zilliax,Book of Specters,Firetree Witchdoctor,Alexstrasza,Conjurer's Calling,Acidic Swamp Ooze,Power of Creation,Mind Control Tech,Ironbeak Owl,Dragonmaw Scorcher,Scaleworm,Crowd Roaster,Khadgar,Mountain Giant,Sunfury Protector,Astromancer,54.53,MEDIUM
Rabble Bouncer,Twilight Drake,Zilliax,Book of Specters,Conjurer's Calling,Messenger Raven,Power of Creation,Acidic Swamp Ooze,Voodoo Doll,Mind Control Tech,Harrison Jones,Sandbinder,Banana Buffoon,Khadgar,Mountain Giant,Sunfury Protector,Astromancer,54.53,MEDIUM
Twilight Drake,Doomsayer,Zilliax,Book of Specters,Kalecgos,Firetree Witchdoctor,Conjurer's Calling,Messenger Raven,Acidic Swamp Ooze,Power of Creation,Dragonmaw Scorcher,Rotten Applebaum,Scaleworm,Crowd Roaster,Khadgar,Mountain Giant,Safeguard,Mossy Horror,Astromancer,54.47,MEDIUM
Twilight Drake,Zilliax,Book of Specters,Firetree Witchdoctor,Alexstrasza,Conjurer's Calling,Acidic Swamp Ooze,Mind Control Tech,Harrison Jones,Dragonmaw Scorcher,Rotten Applebaum,Scaleworm,Crowd Roaster,Khadgar,Mountain Giant,Safeguard,Sunfury Protector,Mossy Horror,Astromancer,54.45,MEDIUM
Flamestrike,Doomsayer,Zilliax,Blizzard,Kalecgos,Fireball,Alexstrasza,Conjurer's Calling,Acidic Swamp Ooze,Frostbolt,Bloodmage Thalnos,Novice Engineer,Sandbinder,Loot Hoarder,Ray of Frost,Frost Nova,Arcane Intellect,Khadgar,Mountain Giant,Astromancer,54.43,MEDIUM
Twilight Drake,Zilliax,Book of Specters,Kalecgos,Firetree Witchdoctor,Conjurer's Calling,Messenger Raven,Acidic Swamp Ooze,Power of Creation,Dragonmaw Scorcher,Rotten Applebaum,Scaleworm,Crowd Roaster,Khadgar,Mountain Giant,Safeguard,Sunfury Protector,Astromancer,54.41,MEDIUM
Twilight Drake,Daring Fire-Eater,Zilliax,Book of Specters,Pyromaniac,Kalecgos,Firetree Witchdoctor,Jan'alai, the Dragonhawk,Conjurer's Calling,Messenger Raven,Acidic Swamp Ooze,Scaleworm,Crowd Roaster,Meteorologist,Khadgar,Mountain Giant,Astromancer,54.29,MEDIUM
Twilight Drake,Zilliax,Book of Specters,Kalecgos,Firetree Witchdoctor,Conjurer's Calling,Acidic Swamp Ooze,Power of Creation,Mind Control Tech,Harrison Jones,Dragonmaw Scorcher,Rotten Applebaum,Scaleworm,Crowd Roaster,Khadgar,Mountain Giant,Safeguard,Sunfury Protector,Astromancer,54.22,MEDIUM
Twilight Drake,Daring Fire-Eater,Zilliax,Book of Specters,Kalecgos,Firetree Witchdoctor,Jan'alai, the Dragonhawk,Conjurer's Calling,Messenger Raven,Acidic Swamp Ooze,Mind Control Tech,Dragonmaw Scorcher,Scaleworm,Crowd Roaster,Khadgar,Mountain Giant,Astromancer,54.21,MEDIUM
Cosmic Anomaly,Stargazer Luna,Fireball,Explosive Runes,Frostbolt,Mana Addict,Arcanologist,Shooting Star,Arcane Missiles,Cinderstorm,Sorcerer's Apprentice,Counterspell,Aluneth,Spellzerker,Arcane Intellect,Primordial Glyph,Kirin Tor Mage,54.16,MEDIUM
Twilight Drake,Zilliax,Book of Specters,Kalecgos,Firetree Witchdoctor,Conjurer's Calling,Messenger Raven,Power of Creation,Acidic Swamp Ooze,Harrison Jones,Dragonmaw Scorcher,Scaleworm,Crowd Roaster,Khadgar,Mountain Giant,Safeguard,Sunfury Protector,Astromancer,54.13,MEDIUM
Flamestrike,Doomsayer,Zilliax,Blizzard,Arcane Keysmith,Kalecgos,Fireball,Acolyte of Pain,Alexstrasza,Power of Creation,Frostbolt,Bloodmage Thalnos,Lifedrinker,Sunreaver Warmage,Ray of Frost,Frost Nova,Arcane Intellect,Pyroblast,54.06,MEDIUM
Tar Creeper,Flamestrike,Daring Fire-Eater,Zilliax,Black Cat,Arcane Tyrant,Pyromaniac,Dragon's Fury,Jan'alai, the Dragonhawk,Frost Lich Jaina,Stonehill Defender,Fire Fly,Zola the Gorgon,Voodoo Doll,Blazecaller,Blast Wave,Baku the Mooneater,Tinkmaster Overspark,Astromancer,54.04,MEDIUM
Twilight Drake,Zilliax,Book of Specters,Kalecgos,Firetree Witchdoctor,Conjurer's Calling,Messenger Raven,Acidic Swamp Ooze,Power of Creation,Harrison Jones,Dragonmaw Scorcher,Rotten Applebaum,Scaleworm,Crowd Roaster,Khadgar,Mountain Giant,Safeguard,Sunfury Protector,Astromancer,54.04,MEDIUM
Doomsayer,Twilight Drake,Zilliax,Book of Specters,Kalecgos,Firetree Witchdoctor,Conjurer's Calling,Messenger Raven,Acidic Swamp Ooze,Power of Creation,Dragonmaw Scorcher,Rotten Applebaum,Scaleworm,Crowd Roaster,Khadgar,Mountain Giant,Safeguard,Sunfury Protector,Astromancer,53.92,MEDIUM
Twilight Drake,Zilliax,Book of Specters,Kalecgos,Firetree Witchdoctor,Conjurer's Calling,Messenger Raven,Acidic Swamp Ooze,Power of Creation,Harrison Jones,Mind Control Tech,Dragonmaw Scorcher,Rotten Applebaum,Scaleworm,Crowd Roaster,Khadgar,Mountain Giant,Safeguard,Sunfury Protector,Astromancer,53.88,MEDIUM
Twilight Drake,Zilliax,Book of Specters,Kalecgos,Firetree Witchdoctor,Conjurer's Calling,Messenger Raven,Acidic Swamp Ooze,Power of Creation,Harrison Jones,Dragonmaw Scorcher,Rotten Applebaum,Scaleworm,Crowd Roaster,Khadgar,Mountain Giant,Safeguard,Sunfury Protector,Astromancer,53.79,MEDIUM
Mana Wyrm,Mirror Image,Archmage Antonidas,Fireball,Explosive Runes,Breath of Sindragosa,Frostbolt,Vex Crow,Arcanologist,Arcane Missiles,Sorcerer's Apprentice,Counterspell,Aluneth,Arcane Intellect,Primordial Glyph,Pyroblast,Kirin Tor Mage,53.76,MEDIUM
Skulking Geist,Dragoncaller Alanna,Flamestrike,Doomsayer,Polymorph,Zilliax,Blizzard,Arcane Keysmith,Raven Familiar,Dragon's Fury,Jan'alai, the Dragonhawk,Frost Lich Jaina,Stonehill Defender,Arcane Artificer,Sindragosa,Meteor,The Lich King,Gluttonous Ooze,Astromancer,53.71,MEDIUM
Tar Creeper,Flamestrike,Daring Fire-Eater,Zilliax,Black Cat,Arcane Tyrant,Pyromaniac,Dragon's Fury,Jan'alai, the Dragonhawk,Frost Lich Jaina,Stonehill Defender,Fire Fly,Zola the Gorgon,Voodoo Doll,Blast Wave,Baron Geddon,Ironbeak Owl,Baku the Mooneater,Astromancer,53.67,MEDIUM
Flamestrike,Doomsayer,Zilliax,Blizzard,Kalecgos,Fireball,Alexstrasza,Conjurer's Calling,Acidic Swamp Ooze,Frostbolt,Bloodmage Thalnos,Harrison Jones,Novice Engineer,Loot Hoarder,Magic Trick,Frost Nova,Arcane Intellect,Khadgar,Mountain Giant,Astromancer,53.6,MEDIUM
Tar Creeper,Flamestrike,Daring Fire-Eater,Zilliax,Black Cat,Arcane Tyrant,Pyromaniac,Dragon's Fury,Jan'alai, the Dragonhawk,Frost Lich Jaina,Fire Fly,Zola the Gorgon,Voodoo Doll,Blazecaller,Blast Wave,Ironbeak Owl,Baku the Mooneater,Gluttonous Ooze,Astromancer,53.58,MEDIUM
Bonfire Elemental,Tar Creeper,Flamestrike,Daring Fire-Eater,Zilliax,Black Cat,Arcane Tyrant,Pyromaniac,Dragon's Fury,Jan'alai, the Dragonhawk,Frost Lich Jaina,Stonehill Defender,Fire Fly,Zola the Gorgon,Voodoo Doll,Blazecaller,Blast Wave,Baku the Mooneater,Gluttonous Ooze,Astromancer,53.53,MEDIUM
Dragoncaller Alanna,Tar Creeper,Flamestrike,Doomsayer,Polymorph,Daring Fire-Eater,Arcane Tyrant,Blizzard,Raven Familiar,Acolyte of Pain,Spiteful Summoner,Dragon's Fury,Frost Lich Jaina,Arcane Artificer,Baron Geddon,Meteor,Hex Lord Malacrass,53.48,MEDIUM
Twilight Drake,Rabble Bouncer,Zilliax,Book of Specters,Kalecgos,Firetree Witchdoctor,Conjurer's Calling,Acidic Swamp Ooze,Power of Creation,Dragonmaw Scorcher,Scaleworm,Crowd Roaster,Khadgar,Mountain Giant,Sunfury Protector,Mossy Horror,Astromancer,53.45,MEDIUM
Flamestrike,Doomsayer,Daring Fire-Eater,Polymorph,Zilliax,Blizzard,Arcane Keysmith,Kalecgos,Acolyte of Pain,Jan'alai, the Dragonhawk,Conjurer's Calling,Messenger Raven,Power of Creation,Voodoo Doll,Rotten Applebaum,Sunreaver Warmage,Khadgar,Astromancer,53.41,MEDIUM
Flamestrike,Doomsayer,Blizzard,Arcane Keysmith,Kalecgos,Fireball,Acolyte of Pain,Alexstrasza,Acidic Swamp Ooze,Power of Creation,Frostbolt,Bloodmage Thalnos,Lifedrinker,Sunreaver Warmage,Ray of Frost,Frost Nova,Arcane Intellect,Pyroblast,53.41,MEDIUM
Cosmic Anomaly,Stargazer Luna,Fireball,Explosive Runes,Frostbolt,Archmage Vargoth,Arcanologist,Shooting Star,Arcane Missiles,Cinderstorm,Sorcerer's Apprentice,Counterspell,Aluneth,Spellzerker,Arcane Intellect,Primordial Glyph,Kirin Tor Mage,53.34,MEDIUM
Flamestrike,Doomsayer,Zilliax,Blizzard,Kalecgos,Fireball,Alexstrasza,Conjurer's Calling,Acidic Swamp Ooze,Frostbolt,Novice Engineer,Loot Hoarder,Magic Trick,Frost Nova,Arcane Intellect,Khadgar,Mountain Giant,Astromancer,53.27,MEDIUM
Twilight Drake,Rabble Bouncer,Daring Fire-Eater,Zilliax,Book of Specters,Archmage Antonidas,Alexstrasza,Jan'alai, the Dragonhawk,Conjurer's Calling,Acidic Swamp Ooze,Wild Pyromancer,Voodoo Doll,Harrison Jones,Half-Time Scavenger,Rotten Applebaum,Banana Buffoon,Khadgar,Mountain Giant,Astromancer,53.2,MEDIUM
Dragoncaller Alanna,Flamestrike,Doomsayer,Polymorph,Zilliax,Blizzard,Raven Familiar,Bright-Eyed Scout,Toki, Time-Tinker,Dragon's Fury,Frost Lich Jaina,Stonehill Defender,Arcane Artificer,Sindragosa,Meteor,The Lich King,Mountain Giant,Astromancer,53.19,MEDIUM
Twilight Drake,Daring Fire-Eater,Zilliax,Book of Specters,Kalecgos,Firetree Witchdoctor,Jan'alai, the Dragonhawk,Conjurer's Calling,Messenger Raven,Acidic Swamp Ooze,Dragonmaw Scorcher,Rotten Applebaum,Crowd Roaster,Khadgar,Mountain Giant,Proud Defender,Sunfury Protector,Astromancer,53.06,MEDIUM
Twilight Drake,Doomsayer,Zilliax,Book of Specters,Kalecgos,Firetree Witchdoctor,Conjurer's Calling,Acidic Swamp Ooze,Power of Creation,Mind Control Tech,Dragonmaw Scorcher,Rotten Applebaum,Scaleworm,Crowd Roaster,Khadgar,Mountain Giant,Safeguard,Sunfury Protector,Astromancer,53.01,MEDIUM
Skulking Geist,Dragoncaller Alanna,Flamestrike,Doomsayer,Polymorph,Daring Fire-Eater,Zilliax,Arcane Tyrant,Blizzard,Raven Familiar,Dragon's Fury,Jan'alai, the Dragonhawk,Frost Lich Jaina,Stonehill Defender,Arcane Artificer,Sindragosa,Meteor,The Lich King,Gluttonous Ooze,53.01,MEDIUM
Twilight Drake,Doomsayer,Zilliax,Book of Specters,Alexstrasza,Conjurer's Calling,Power of Creation,Acidic Swamp Ooze,Mind Control Tech,Voodoo Doll,Harrison Jones,Banana Buffoon,Khadgar,Mountain Giant,Sunfury Protector,Giggling Inventor,Astromancer,52.92,MEDIUM
Twilight Drake,Rabble Bouncer,Zilliax,Book of Specters,Hench-Clan Sneak,Kalecgos,Firetree Witchdoctor,Alexstrasza,Conjurer's Calling,Acidic Swamp Ooze,Voodoo Doll,Mind Control Tech,Dragonmaw Scorcher,Scaleworm,Khadgar,Mountain Giant,Sunfury Protector,Mossy Horror,Astromancer,52.92,MEDIUM
Flamestrike,Twilight Drake,Zilliax,Book of Specters,Kalecgos,Firetree Witchdoctor,Conjurer's Calling,Messenger Raven,Acidic Swamp Ooze,Power of Creation,Dragonmaw Scorcher,Rotten Applebaum,Scaleworm,Crowd Roaster,Khadgar,Mountain Giant,Safeguard,Sunfury Protector,Astromancer,52.85,MEDIUM
Flamestrike,Doomsayer,Daring Fire-Eater,Polymorph,Zilliax,Blizzard,Arcane Keysmith,Kalecgos,Acolyte of Pain,Jan'alai, the Dragonhawk,Conjurer's Calling,Messenger Raven,Power of Creation,Voodoo Doll,Archmage Vargoth,Rotten Applebaum,Sunreaver Warmage,Khadgar,Astromancer,52.85,MEDIUM
Clockwork Automaton,Daring Fire-Eater,Black Cat,Stargazer Luna,Pyromaniac,Explosive Runes,Mirror Entity,Jan'alai, the Dragonhawk,Leeroy Jenkins,Fire Fly,Arcane Missiles,Cinderstorm,Counterspell,Fungalmancer,Baku the Mooneater,Secretkeeper,Kirin Tor Mage,Dire Mole,Nightblade,52.75,MEDIUM
Cosmic Anomaly,Mana Wyrm,Stargazer Luna,Fireball,Explosive Runes,Frostbolt,Arcanologist,Shooting Star,Arcane Missiles,Cinderstorm,Sorcerer's Apprentice,Counterspell,Aluneth,Arcane Intellect,Primordial Glyph,Celestial Emissary,Kirin Tor Mage,52.71,MEDIUM
Rabble Bouncer,Twilight Drake,Zilliax,Book of Specters,Kalecgos,Firetree Witchdoctor,Conjurer's Calling,Power of Creation,Acidic Swamp Ooze,Mind Control Tech,Voodoo Doll,Harrison Jones,Dragonmaw Scorcher,Scaleworm,Khadgar,Mountain Giant,Sunfury Protector,Mossy Horror,52.61,MEDIUM
Skulking Geist,Flamestrike,Polymorph,Zilliax,Firetree Witchdoctor,Fireball,Dragon's Fury,Alexstrasza,Frost Lich Jaina,Primordial Drake,Stonehill Defender,Voodoo Doll,Arcane Artificer,Dragonmaw Scorcher,Sindragosa,Scaleworm,Crowd Roaster,Meteor,Gluttonous Ooze,52.53,MEDIUM
Flamestrike,Twilight Drake,Zilliax,Book of Specters,Firetree Witchdoctor,Conjurer's Calling,Messenger Raven,Acidic Swamp Ooze,Power of Creation,Harrison Jones,Dragonmaw Scorcher,Rotten Applebaum,Scaleworm,Crowd Roaster,Khadgar,Mountain Giant,Safeguard,Sunfury Protector,Astromancer,52.53,MEDIUM
Cosmic Anomaly,Stargazer Luna,Fireball,Explosive Runes,Frostbolt,Arcanologist,Shooting Star,Arcane Missiles,Cinderstorm,Sorcerer's Apprentice,Counterspell,Aluneth,Spellzerker,Arcane Intellect,Primordial Glyph,Celestial Emissary,Kirin Tor Mage,52.53,MEDIUM
Flamestrike,Doomsayer,Daring Fire-Eater,Polymorph,Zilliax,Arcane Keysmith,Blizzard,Pyromaniac,Jan'alai, the Dragonhawk,Conjurer's Calling,Messenger Raven,Acidic Swamp Ooze,Power of Creation,Rotten Applebaum,Sunreaver Warmage,Arcane Intellect,Khadgar,Mountain Giant,Astromancer,52.51,MEDIUM
Skulking Geist,Dragoncaller Alanna,Tar Creeper,Flamestrike,Polymorph,Zilliax,Blizzard,Raven Familiar,Bright-Eyed Scout,Spiteful Summoner,Dragon's Fury,Frost Lich Jaina,Stonehill Defender,Arcane Artificer,Meteor,The Lich King,Gluttonous Ooze,Astromancer,52.46,MEDIUM
Twilight Drake,Zilliax,Book of Specters,Kalecgos,Firetree Witchdoctor,Conjurer's Calling,Messenger Raven,Power of Creation,Acidic Swamp Ooze,Mind Control Tech,Voodoo Doll,Harrison Jones,Dragonmaw Scorcher,Scaleworm,Crowd Roaster,Khadgar,Mountain Giant,Sunfury Protector,52.41,MEDIUM
Marsh Drake,Flamestrike,Polymorph,Zilliax,Firetree Witchdoctor,Fireball,Dragon's Fury,Alexstrasza,Frost Lich Jaina,Primordial Drake,Stonehill Defender,Arcane Artificer,Dragonmaw Scorcher,Sindragosa,Scaleworm,Crowd Roaster,Meteor,Gluttonous Ooze,52.4,MEDIUM
Twilight Drake,Daring Fire-Eater,Zilliax,Book of Specters,Pyromaniac,Kalecgos,Firetree Witchdoctor,Jan'alai, the Dragonhawk,Conjurer's Calling,Messenger Raven,Acidic Swamp Ooze,Scaleworm,Crowd Roaster,Arcane Intellect,Meteorologist,Khadgar,Mountain Giant,Astromancer,52.38,MEDIUM
Clockwork Automaton,Daring Fire-Eater,Black Cat,Pyromaniac,Explosive Runes,Jan'alai, the Dragonhawk,Leeroy Jenkins,Frost Lich Jaina,Fire Fly,Arcane Missiles,Cinderstorm,Counterspell,Fungalmancer,Baku the Mooneater,Secretkeeper,Kirin Tor Mage,Nightblade,Dire Mole,52.37,MEDIUM
Twilight Drake,Zilliax,Book of Specters,Kalecgos,Firetree Witchdoctor,Conjurer's Calling,Messenger Raven,Power of Creation,Acidic Swamp Ooze,Dragonmaw Scorcher,Rotten Applebaum,Scaleworm,Crowd Roaster,Khadgar,Mountain Giant,Safeguard,Sunfury Protector,Astromancer,52.24,MEDIUM
Flamestrike,Twilight Drake,Doomsayer,Zilliax,Blizzard,Kalecgos,Firetree Witchdoctor,Conjurer's Calling,Messenger Raven,Power of Creation,Acidic Swamp Ooze,Frostbolt,Dragonmaw Scorcher,Sunreaver Warmage,Crowd Roaster,Arcane Intellect,Khadgar,Mountain Giant,52.23,MEDIUM
Flamestrike,Doomsayer,Zilliax,Blizzard,Kalecgos,Fireball,Alexstrasza,Conjurer's Calling,Acidic Swamp Ooze,Frostbolt,Harrison Jones,Novice Engineer,Loot Hoarder,Magic Trick,Frost Nova,Arcane Intellect,Khadgar,Mountain Giant,Astromancer,52.22,MEDIUM
Tar Creeper,Flamestrike,Daring Fire-Eater,Zilliax,Black Cat,Pyromaniac,Dragon's Fury,Jan'alai, the Dragonhawk,Leeroy Jenkins,Frost Lich Jaina,Faceless Manipulator,Stonehill Defender,Fire Fly,Zola the Gorgon,Glacial Shard,Voodoo Doll,Blast Wave,Ironbeak Owl,Baku the Mooneater,Gluttonous Ooze,Astromancer,52.17,MEDIUM
Twilight Drake,Zilliax,Book of Specters,Kalecgos,Firetree Witchdoctor,Conjurer's Calling,Power of Creation,Acidic Swamp Ooze,Harrison Jones,Mind Control Tech,Dragonmaw Scorcher,Rotten Applebaum,Scaleworm,Crowd Roaster,Khadgar,Mountain Giant,Safeguard,Sunfury Protector,Astromancer,52.16,MEDIUM
Twilight Drake,Daring Fire-Eater,Zilliax,Book of Specters,Pyromaniac,Firetree Witchdoctor,Alexstrasza,Jan'alai, the Dragonhawk,Conjurer's Calling,Messenger Raven,Acidic Swamp Ooze,Scaleworm,Crowd Roaster,Arcane Intellect,Meteorologist,Khadgar,Mountain Giant,Astromancer,52.07,MEDIUM
Flamestrike,Doomsayer,Zilliax,Arcane Keysmith,Blizzard,Kalecgos,Fireball,Acolyte of Pain,Alexstrasza,Power of Creation,Acidic Swamp Ooze,Frostbolt,Lifedrinker,Sunreaver Warmage,Ray of Frost,Frost Nova,Arcane Intellect,Pyroblast,52.07,MEDIUM
Twilight Drake,Zilliax,Book of Specters,Kalecgos,Firetree Witchdoctor,Conjurer's Calling,Messenger Raven,Acidic Swamp Ooze,Power of Creation,Archmage Vargoth,Dragonmaw Scorcher,Scaleworm,Crowd Roaster,Khadgar,Proud Defender,Mountain Giant,Sunfury Protector,Astromancer,51.76,MEDIUM
Doomsayer,Twilight Drake,Zilliax,Book of Specters,Kalecgos,Firetree Witchdoctor,Conjurer's Calling,Messenger Raven,Acidic Swamp Ooze,Power of Creation,Mind Control Tech,Harrison Jones,Dragonmaw Scorcher,Rotten Applebaum,Scaleworm,Crowd Roaster,Khadgar,Mountain Giant,Safeguard,Astromancer,51.75,MEDIUM
Nightmare Amalgam,Twilight Drake,Daring Fire-Eater,Zilliax,Book of Specters,Firetree Witchdoctor,Messenger Raven,Acidic Swamp Ooze,Dragonmaw Scorcher,Scaleworm,Archmage Arugal,Crowd Roaster,Meteorologist,Mountain Giant,Safeguard,Hex Lord Malacrass,Astromancer,51.73,LOW
Flamestrike,Doomsayer,Daring Fire-Eater,Polymorph,Zilliax,Blizzard,Arcane Keysmith,Pyromaniac,Kalecgos,Jan'alai, the Dragonhawk,Conjurer's Calling,Messenger Raven,Acidic Swamp Ooze,Power of Creation,Bloodmage Thalnos,Blast Wave,Sunreaver Warmage,Khadgar,Safeguard,51.68,LOW
Rabble Bouncer,Twilight Drake,Daring Fire-Eater,Zilliax,Book of Specters,Alexstrasza,Jan'alai, the Dragonhawk,Conjurer's Calling,Acidic Swamp Ooze,Wild Pyromancer,Voodoo Doll,Half-Time Scavenger,Banana Buffoon,Arcane Intellect,Khadgar,Mountain Giant,Sunfury Protector,Astromancer,51.65,LOW
Doomsayer,Rabble Bouncer,Twilight Drake,Zilliax,Book of Specters,Alexstrasza,Conjurer's Calling,Acidic Swamp Ooze,Wild Pyromancer,Mind Control Tech,Voodoo Doll,Half-Time Scavenger,Banana Buffoon,Arcane Intellect,Khadgar,Mountain Giant,Sunfury Protector,Astromancer,51.35,LOW
Bonfire Elemental,Tar Creeper,Elemental Evocation,Fireball,Shimmering Tempest,Fire Fly,Frostbolt,Glacial Shard,Fire Plume Phoenix,Steam Surger,Water Elemental,Leyline Manipulator,Lesser Ruby Spellstone,Servant of Kalimos,Arcanosaur,51.33,LOW
Flamestrike,Twilight Drake,Doomsayer,Zilliax,Blizzard,Kalecgos,Firetree Witchdoctor,Conjurer's Calling,Messenger Raven,Power of Creation,Harrison Jones,Dragonmaw Scorcher,Sunreaver Warmage,Scaleworm,Crowd Roaster,Arcane Intellect,Khadgar,Mountain Giant,51.18,LOW
Scarab Egg,Rabble Bouncer,Mirror Image,Zilliax,Stargazer Luna,Elemental Evocation,Archmage Antonidas,Alexstrasza,Conjurer's Calling,Mana Cyclone,Sandbinder,Sea Giant,Sorcerer's Apprentice,Exotic Mountseller,Ray of Frost,Magic Trick,Arcane Intellect,Khadgar,Mountain Giant,50.96,LOW
Rabble Bouncer,Twilight Drake,Daring Fire-Eater,Zilliax,Book of Specters,Archmage Antonidas,Jan'alai, the Dragonhawk,Alexstrasza,Conjurer's Calling,Messenger Raven,Acidic Swamp Ooze,Harrison Jones,Voodoo Doll,Wild Pyromancer,Half-Time Scavenger,Banana Buffoon,Khadgar,Mountain Giant,Astromancer,50.91,LOW
Skulking Geist,Dragoncaller Alanna,Flamestrike,Doomsayer,Polymorph,Zilliax,Blizzard,Raven Familiar,Bright-Eyed Scout,Dragon's Fury,Frost Lich Jaina,Stonehill Defender,Arcane Artificer,Sindragosa,Meteor,The Lich King,Mountain Giant,Astromancer,50.85,LOW
Twilight Drake,Daring Fire-Eater,Zilliax,Book of Specters,Pyromaniac,Kalecgos,Firetree Witchdoctor,Jan'alai, the Dragonhawk,Conjurer's Calling,Messenger Raven,Acidic Swamp Ooze,Scaleworm,Crowd Roaster,Arcane Intellect,Meteorologist,Khadgar,Mountain Giant,Hex Lord Malacrass,Astromancer,50.79,LOW
Twilight Drake,Zilliax,Book of Specters,Kalecgos,Firetree Witchdoctor,Conjurer's Calling,Messenger Raven,Acidic Swamp Ooze,Power of Creation,Mind Control Tech,Dragonmaw Scorcher,Rotten Applebaum,Scaleworm,Crowd Roaster,Khadgar,Mountain Giant,Safeguard,Sunfury Protector,Astromancer,50.72,LOW
Flamestrike,Doomsayer,Zilliax,Blizzard,Kalecgos,Fireball,Acolyte of Pain,Ice Barrier,Alexstrasza,Power of Creation,Frostbolt,Bloodmage Thalnos,Archmage Vargoth,Sunreaver Warmage,Ray of Frost,Frost Nova,Arcane Intellect,Khadgar,Pyroblast,50.72,LOW
Tar Creeper,Flamestrike,Daring Fire-Eater,Zilliax,Black Cat,Arcane Tyrant,Amani War Bear,Pyromaniac,Dragon's Fury,Jan'alai, the Dragonhawk,Frost Lich Jaina,Stonehill Defender,Fire Fly,Zola the Gorgon,Voodoo Doll,Blast Wave,Dragonmaw Scorcher,Baku the Mooneater,Gluttonous Ooze,Astromancer,50.69,LOW
Twilight Drake,Zilliax,Book of Specters,Kalecgos,Firetree Witchdoctor,Conjurer's Calling,Messenger Raven,Acidic Swamp Ooze,Power of Creation,Dragonmaw Scorcher,Rotten Applebaum,Scaleworm,Crowd Roaster,Khadgar,Mountain Giant,Safeguard,Sunfury Protector,Mossy Horror,Astromancer,50.63,LOW
Flamestrike,Doomsayer,Mirror Image,Zilliax,Blizzard,Archmage Antonidas,Kalecgos,Fireball,Alexstrasza,Conjurer's Calling,Acidic Swamp Ooze,Frostbolt,Bloodmage Thalnos,Novice Engineer,Ray of Frost,Frost Nova,Arcane Intellect,Khadgar,Mountain Giant,50.58,LOW
Tar Creeper,Flamestrike,Daring Fire-Eater,Black Cat,Arcane Tyrant,Pyromaniac,Dragon's Fury,Alexstrasza,Jan'alai, the Dragonhawk,Frost Lich Jaina,Stonehill Defender,Fire Fly,Zola the Gorgon,Voodoo Doll,Blast Wave,Baron Geddon,Baku the Mooneater,Gluttonous Ooze,Astromancer,50.54,LOW
Twilight Drake,Daring Fire-Eater,Zilliax,Book of Specters,Kalecgos,Firetree Witchdoctor,Alexstrasza,Conjurer's Calling,Messenger Raven,Acidic Swamp Ooze,Harrison Jones,Rotten Applebaum,Scaleworm,Crowd Roaster,Khadgar,Mountain Giant,Sunfury Protector,Hex Lord Malacrass,50.53,LOW
Skulking Geist,Flamestrike,Doomsayer,Polymorph,Zilliax,Blizzard,Raven Familiar,Bright-Eyed Scout,Dragon's Fury,Frost Lich Jaina,Stonehill Defender,Arcane Artificer,Sindragosa,Meteor,The Lich King,Gluttonous Ooze,Mountain Giant,Astromancer,50.35,LOW
Mirror Image,Stargazer Luna,Archmage Antonidas,Fireball,Mana Cyclone,Frostbolt,Mana Addict,Vex Crow,Bloodmage Thalnos,Shooting Star,Arcane Missiles,Magic Dart Frog,Sorcerer's Apprentice,Ray of Frost,Magic Trick,Banana Buffoon,Arcane Intellect,50.34,LOW
Flamestrike,Doomsayer,Daring Fire-Eater,Zilliax,Blizzard,Stargazer Luna,Kalecgos,Fireball,Jan'alai, the Dragonhawk,Alexstrasza,Power of Creation,Frostbolt,Bloodmage Thalnos,Archmage Vargoth,Sunreaver Warmage,Ray of Frost,Frost Nova,Arcane Intellect,Khadgar,Pyroblast,50.3,LOW
Flamestrike,Doomsayer,Daring Fire-Eater,Polymorph,Zilliax,Blizzard,Kalecgos,Fireball,Acolyte of Pain,Jan'alai, the Dragonhawk,Conjurer's Calling,Power of Creation,Frostbolt,Sunreaver Warmage,Frost Nova,Khadgar,Proud Defender,Astromancer,50.2,LOW
Flamestrike,Doomsayer,Polymorph,Daring Fire-Eater,Zilliax,Blizzard,Arcane Keysmith,Pyromaniac,Kalecgos,Jan'alai, the Dragonhawk,Conjurer's Calling,Acidic Swamp Ooze,Power of Creation,Archmage Vargoth,Sunreaver Warmage,Meteorologist,Khadgar,Mountain Giant,Astromancer,50.2,LOW
Flamestrike,Doomsayer,Zilliax,Blizzard,Kalecgos,Fireball,Alexstrasza,Conjurer's Calling,Acidic Swamp Ooze,Frostbolt,Bloodmage Thalnos,Harrison Jones,Novice Engineer,Loot Hoarder,Frost Nova,Arcane Intellect,Khadgar,Mountain Giant,Astromancer,50.14,LOW
Flamestrike,Doomsayer,Daring Fire-Eater,Polymorph,Zilliax,Blizzard,Jan'alai, the Dragonhawk,Conjurer's Calling,Messenger Raven,Acidic Swamp Ooze,Power of Creation,Voodoo Doll,Sunreaver Warmage,Ray of Frost,Frost Nova,Arcane Intellect,Khadgar,Mountain Giant,Astromancer,50.13,LOW
Twilight Drake,Daring Fire-Eater,Zilliax,Book of Specters,Mechanical Whelp,Pyromaniac,Jan'alai, the Dragonhawk,Conjurer's Calling,Messenger Raven,Power of Creation,Loot Hoarder,Witchwood Piper,Archmage Arugal,Faceless Rager,Khadgar,Mountain Giant,Astromancer,49.98,LOW
Twilight Drake,Zilliax,Kalecgos,Firetree Witchdoctor,Conjurer's Calling,Messenger Raven,Power of Creation,Acidic Swamp Ooze,Harrison Jones,Dragonmaw Scorcher,Rotten Applebaum,Scaleworm,Crowd Roaster,Arcane Intellect,Khadgar,Mountain Giant,Safeguard,Sunfury Protector,Astromancer,49.81,LOW
Flamestrike,Doomsayer,Daring Fire-Eater,Polymorph,Zilliax,Blizzard,Kalecgos,Fireball,Jan'alai, the Dragonhawk,Alexstrasza,Conjurer's Calling,Power of Creation,Frostbolt,Spirit of the Dragonhawk,Frost Nova,Arcane Intellect,Khadgar,Astromancer,49.78,LOW
Skulking Geist,Dragoncaller Alanna,Tar Creeper,Flamestrike,Polymorph,Zilliax,Blizzard,Arcane Keysmith,Raven Familiar,Bright-Eyed Scout,Toki, Time-Tinker,Dragon's Fury,Frost Lich Jaina,Stonehill Defender,Arcane Artificer,Sindragosa,Meteor,The Lich King,Gluttonous Ooze,Astromancer,49.77,LOW
Flamestrike,Doomsayer,Polymorph,Mirror Image,Zilliax,Blizzard,Archmage Antonidas,Kalecgos,Alexstrasza,Conjurer's Calling,Acidic Swamp Ooze,Power of Creation,Archmage Vargoth,Rotten Applebaum,Sunreaver Warmage,Ray of Frost,Frost Nova,Arcane Intellect,Khadgar,Mountain Giant,49.68,LOW
Flamestrike,Doomsayer,Daring Fire-Eater,Polymorph,Zilliax,Blizzard,Kalecgos,Jan'alai, the Dragonhawk,Conjurer's Calling,Messenger Raven,Power of Creation,Acidic Swamp Ooze,Sunreaver Warmage,Ray of Frost,Frost Nova,Arcane Intellect,Khadgar,Mountain Giant,Astromancer,49.67,LOW
Twilight Drake,Doomsayer,Zilliax,Book of Specters,Firetree Witchdoctor,Conjurer's Calling,Power of Creation,Acidic Swamp Ooze,Mind Control Tech,Dragonmaw Scorcher,Scaleworm,Crowd Roaster,Khadgar,Mountain Giant,Safeguard,Sunfury Protector,Astromancer,49.65,LOW
Cosmic Anomaly,Stargazer Luna,Unexpected Results,Arcane Watcher,Fireball,Frostbolt,Bloodmage Thalnos,Archmage Vargoth,Shooting Star,Arcane Missiles,Cinderstorm,Sorcerer's Apprentice,Mana Reservoir,Spellshifter,Spellzerker,Arcane Intellect,Spellbook Binder,49.63,LOW
Big Game Hunter,Flamestrike,Doomsayer,Polymorph,Daring Fire-Eater,Zilliax,Blizzard,Jan'alai, the Dragonhawk,Conjurer's Calling,Messenger Raven,Power of Creation,Acidic Swamp Ooze,Sunreaver Warmage,Ray of Frost,Frost Nova,Arcane Intellect,Khadgar,Mountain Giant,Astromancer,49.58,LOW
Flamestrike,Doomsayer,Twilight Drake,Polymorph,Zilliax,Blizzard,Arcane Keysmith,Conjurer's Calling,Messenger Raven,Acidic Swamp Ooze,Power of Creation,Loot Hoarder,Rotten Applebaum,Sunreaver Warmage,Arcane Intellect,Khadgar,Mountain Giant,Astromancer,49.5,LOW
Flamestrike,Doomsayer,Polymorph,Daring Fire-Eater,Zilliax,Arcane Keysmith,Blizzard,Kalecgos,Acolyte of Pain,Jan'alai, the Dragonhawk,Conjurer's Calling,Messenger Raven,Power of Creation,Voodoo Doll,Rotten Applebaum,Sunreaver Warmage,Khadgar,Hex Lord Malacrass,Astromancer,49.25,LOW
Twilight Drake,Doomsayer,Zilliax,Book of Specters,Pyromaniac,Kalecgos,Firetree Witchdoctor,Fireball,Messenger Raven,Power of Creation,Acidic Swamp Ooze,Voodoo Doll,Harrison Jones,Dragonmaw Scorcher,Scaleworm,Crowd Roaster,Khadgar,Safeguard,Astromancer,49.22,LOW
Flamestrike,Doomsayer,Daring Fire-Eater,Polymorph,Zilliax,Arcane Keysmith,Blizzard,Kalecgos,Jan'alai, the Dragonhawk,Conjurer's Calling,Power of Creation,Frostbolt,Spirit of the Dragonhawk,Sunreaver Warmage,Frost Nova,Arcane Intellect,Khadgar,Astromancer,48.89,LOW
Cosmic Anomaly,Mirror Image,Elemental Evocation,Stargazer Luna,Archmage Antonidas,Jepetto Joybuzz,Fireball,Mana Cyclone,Frostbolt,Vex Crow,Archmage Vargoth,Shooting Star,Arcane Missiles,Sorcerer's Apprentice,Ray of Frost,Magic Trick,Arcane Intellect,48.57,LOW
Flamestrike,Doomsayer,Polymorph,Zilliax,Mirror Image,Blizzard,Archmage Antonidas,Kalecgos,Alexstrasza,Conjurer's Calling,Acidic Swamp Ooze,Archmage Vargoth,Sunreaver Warmage,Ray of Frost,Frost Nova,Arcane Intellect,Khadgar,Mountain Giant,Mossy Horror,48.38,LOW
Flamestrike,Doomsayer,Daring Fire-Eater,Polymorph,Zilliax,Blizzard,Kalecgos,Jan'alai, the Dragonhawk,Conjurer's Calling,Messenger Raven,Acidic Swamp Ooze,Blast Wave,Rotten Applebaum,Sunreaver Warmage,Arcane Intellect,Khadgar,Mountain Giant,Proud Defender,Hex Lord Malacrass,Astromancer,48.35,LOW
Flamestrike,Doomsayer,Daring Fire-Eater,Polymorph,Zilliax,Blizzard,Jan'alai, the Dragonhawk,Conjurer's Calling,Messenger Raven,Acidic Swamp Ooze,Power of Creation,Rotten Applebaum,Sunreaver Warmage,Frost Nova,Arcane Intellect,Khadgar,Astromancer,48.28,LOW
Bonfire Elemental,Cosmic Anomaly,Elemental Evocation,Stargazer Luna,Pyromaniac,Conjurer's Calling,Mana Cyclone,Messenger Raven,Power of Creation,Shooting Star,Arcane Missiles,Sorcerer's Apprentice,Water Elemental,Magic Trick,Khadgar,Scorch,48.23,LOW
Flamestrike,Doomsayer,Polymorph,Zilliax,Mirror Image,Blizzard,Archmage Antonidas,Kalecgos,Acolyte of Pain,Alexstrasza,Conjurer's Calling,Acidic Swamp Ooze,Power of Creation,Rotten Applebaum,Ray of Frost,Frost Nova,Arcane Intellect,Khadgar,Astromancer,48.13,LOW
Flamestrike,Doomsayer,Polymorph,Mirror Image,Zilliax,Blizzard,Archmage Antonidas,Kalecgos,Alexstrasza,Conjurer's Calling,Acidic Swamp Ooze,Archmage Vargoth,Sunreaver Warmage,Ray of Frost,Frost Nova,Arcane Intellect,Khadgar,Mountain Giant,Proud Defender,48.11,LOW
Flamestrike,Doomsayer,Polymorph,Zilliax,Blizzard,Kalecgos,Fireball,Acolyte of Pain,Alexstrasza,Conjurer's Calling,Messenger Raven,Power of Creation,Frostbolt,Ray of Frost,Frost Nova,Arcane Intellect,Khadgar,Hex Lord Malacrass,Astromancer,48.05,LOW
Flamestrike,Doomsayer,Polymorph,Zilliax,Arcane Keysmith,Blizzard,Kalecgos,Conjurer's Calling,Power of Creation,Acidic Swamp Ooze,Frostbolt,Harrison Jones,Half-Time Scavenger,Rotten Applebaum,Sunreaver Warmage,Frost Nova,Arcane Intellect,Khadgar,Astromancer,47.94,LOW
Flamestrike,Twilight Drake,Doomsayer,Daring Fire-Eater,Polymorph,Zilliax,Blizzard,Pyromaniac,Kalecgos,Firetree Witchdoctor,Acolyte of Pain,Alexstrasza,Jan'alai, the Dragonhawk,Conjurer's Calling,Power of Creation,Dragonmaw Scorcher,Rotten Applebaum,Scaleworm,Crowd Roaster,Khadgar,47.75,LOW
Flamestrike,Doomsayer,Polymorph,Zilliax,Arcane Keysmith,Blizzard,Kalecgos,Fireball,Acolyte of Pain,Toki, Time-Tinker,Alexstrasza,Messenger Raven,Power of Creation,Blast Wave,Frost Nova,Arcane Intellect,Khadgar,Astromancer,46.99,LOW
Doomsayer,Open the Waygate,Blizzard,Archmage Antonidas,Acolyte of Pain,Novice Engineer,Tome of Intellect,Arcane Artificer,Sorcerer's Apprentice,Loot Hoarder,Research Project,Frost Nova,Banana Buffoon,Simulacrum,Arcane Intellect,Primordial Glyph,Molten Reflection,46.88,LOW
Clockwork Automaton,Daring Fire-Eater,Black Cat,Stargazer Luna,Pyromaniac,Explosive Runes,Spellbender,Jan'alai, the Dragonhawk,Leeroy Jenkins,Fire Fly,Arcane Missiles,Cinderstorm,Counterspell,Fungalmancer,Baku the Mooneater,Secretkeeper,Kirin Tor Mage,Dire Mole,46.75,LOW
Cosmic Anomaly,Mana Wyrm,Mirror Image,Stargazer Luna,Elemental Evocation,Archmage Antonidas,Acolyte of Pain,Mana Cyclone,Frostbolt,Mana Addict,Shooting Star,Arcane Missiles,Cinderstorm,Sorcerer's Apprentice,Exotic Mountseller,Ray of Frost,Magic Trick,Arcane Intellect,46.63,LOW
Flamestrike,Doomsayer,Daring Fire-Eater,Polymorph,Zilliax,Arcane Keysmith,Blizzard,Kalecgos,Jan'alai, the Dragonhawk,Conjurer's Calling,Power of Creation,Half-Time Scavenger,Rotten Applebaum,Spirit of the Dragonhawk,Sunreaver Warmage,Frost Nova,Arcane Intellect,Khadgar,Astromancer,46.53,LOW
Cosmic Anomaly,Mirror Image,Elemental Evocation,Stargazer Luna,Archmage Antonidas,Fireball,Mana Cyclone,Frostbolt,Mana Addict,Shooting Star,Arcane Missiles,Cinderstorm,Magic Dart Frog,Sorcerer's Apprentice,Exotic Mountseller,Ray of Frost,Magic Trick,Arcane Intellect,46.45,LOW
Doomsayer,Polymorph,Zilliax,Mirror Image,Blizzard,Archmage Antonidas,Acolyte of Pain,Alexstrasza,Conjurer's Calling,Acidic Swamp Ooze,Power of Creation,Rotten Applebaum,Ray of Frost,Frost Nova,Arcane Intellect,Khadgar,Astromancer,46.08,LOW
Cosmic Anomaly,Mirror Image,Stargazer Luna,Elemental Evocation,Archmage Antonidas,Fireball,Mana Cyclone,Messenger Raven,Frostbolt,Vex Crow,Shooting Star,Sorcerer's Apprentice,Water Elemental,Ray of Frost,Magic Trick,Banana Buffoon,46.06,LOW
Flamestrike,Doomsayer,Polymorph,Mirror Image,Zilliax,Blizzard,Archmage Antonidas,Acolyte of Pain,Alexstrasza,Conjurer's Calling,Acidic Swamp Ooze,Power of Creation,Rotten Applebaum,Ray of Frost,Frost Nova,Arcane Intellect,Khadgar,Astromancer,45.93,LOW
Cosmic Anomaly,Elemental Evocation,Stargazer Luna,Archmage Antonidas,Fireball,Mana Cyclone,Frostbolt,Shooting Star,Arcane Missiles,Cinderstorm,Magic Dart Frog,Sorcerer's Apprentice,Spellzerker,Ray of Frost,Magic Trick,Arcane Intellect,45.88,LOW
Cosmic Anomaly,Elemental Evocation,Stargazer Luna,Archmage Antonidas,Fireball,Mana Cyclone,Frostbolt,Bloodmage Thalnos,Shooting Star,Arcane Missiles,Magic Dart Frog,Cinderstorm,Sorcerer's Apprentice,Spellzerker,Ray of Frost,Magic Trick,Arcane Intellect,45.87,LOW
Flamestrike,Twilight Drake,Polymorph,Zilliax,Blizzard,Kalecgos,Conjurer's Calling,Messenger Raven,Acidic Swamp Ooze,Power of Creation,Frostbolt,Rotten Applebaum,Sunreaver Warmage,Magic Trick,Arcane Intellect,Khadgar,Mountain Giant,Sunfury Protector,Archivist Elysiana,Astromancer,45.67,LOW
Doomsayer,Open the Waygate,Blizzard,Archmage Antonidas,Ghastly Conjurer,Bloodmage Thalnos,Novice Engineer,Cone of Cold,Arcane Artificer,Sorcerer's Apprentice,Loot Hoarder,Research Project,Frost Nova,Banana Buffoon,Simulacrum,Arcane Intellect,Primordial Glyph,Molten Reflection,45.47,LOW
Cosmic Anomaly,Stargazer Luna,Arcane Watcher,Archmage Antonidas,Pyromaniac,Fireball,Leeroy Jenkins,Frostbolt,Bloodmage Thalnos,Archmage Vargoth,Shooting Star,Arcane Missiles,Cinderstorm,Sorcerer's Apprentice,Spellzerker,Ray of Frost,Arcane Intellect,Celestial Emissary,Spellbook Binder,45.24,LOW
Open the Waygate,Stargazer Luna,Blizzard,Archmage Antonidas,Acolyte of Pain,Ice Barrier,Arcanologist,Novice Engineer,Tome of Intellect,Arcane Artificer,Sorcerer's Apprentice,Research Project,Frost Nova,Banana Buffoon,Arcane Intellect,Primordial Glyph,Molten Reflection,45.13,LOW
Zilliax,Mirror Image,Elemental Evocation,Stargazer Luna,Archmage Antonidas,Saronite Taskmaster,Acolyte of Pain,Mana Cyclone,Power of Creation,Frostbolt,Mind Control Tech,Shooting Star,Sorcerer's Apprentice,Exotic Mountseller,Water Elemental,Ray of Frost,Magic Trick,Banana Buffoon,Arcane Intellect,44.71,LOW
Cosmic Anomaly,Elemental Evocation,Stargazer Luna,Fireball,Mana Cyclone,Frostbolt,Archmage Vargoth,Shooting Star,Arcane Missiles,Magic Dart Frog,Cinderstorm,Sorcerer's Apprentice,Spellzerker,Ray of Frost,Magic Trick,Arcane Intellect,44.62,LOW
Cosmic Anomaly,Stargazer Luna,Snap Freeze,Archmage Antonidas,Fireball,Mana Cyclone,Frostbolt,Mana Addict,Bloodmage Thalnos,Shooting Star,Arcane Missiles,Cinderstorm,Sorcerer's Apprentice,Spellzerker,Ray of Frost,Magic Trick,Arcane Intellect,44.47,LOW
Cosmic Anomaly,Mirror Image,Elemental Evocation,Stargazer Luna,Archmage Antonidas,Conjurer's Calling,Mana Cyclone,Frostbolt,Mana Addict,Vex Crow,Bloodmage Thalnos,Shooting Star,Arcane Missiles,Sorcerer's Apprentice,Questing Adventurer,Ray of Frost,Magic Trick,Arcane Intellect,Khadgar,44.38,LOW
Doomsayer,Blizzard,Open the Waygate,Stargazer Luna,Archmage Antonidas,Tome of Intellect,Novice Engineer,Arcane Artificer,Sorcerer's Apprentice,Loot Hoarder,Research Project,Frost Nova,Simulacrum,Banana Buffoon,Arcane Intellect,Primordial Glyph,Molten Reflection,44.06,LOW
Cosmic Anomaly,Elemental Evocation,Stargazer Luna,Arcane Watcher,Archmage Antonidas,Mana Cyclone,Frostbolt,Mana Addict,Bloodmage Thalnos,Shooting Star,Arcane Missiles,Cinderstorm,Sorcerer's Apprentice,Spellzerker,Ray of Frost,Magic Trick,Arcane Intellect,43.15,LOW
Cosmic Anomaly,Mirror Image,Elemental Evocation,Stargazer Luna,Unexpected Results,Fireball,Azerite Elemental,Mana Cyclone,Frostbolt,Shooting Star,Arcane Missiles,Cinderstorm,Sorcerer's Apprentice,Magic Trick,Arcane Intellect,Khadgar,42.8,LOW
Open the Waygate,Blizzard,Archmage Antonidas,Acolyte of Pain,Ice Barrier,Frostbolt,Bloodmage Thalnos,Tome of Intellect,Novice Engineer,Arcane Artificer,Sorcerer's Apprentice,Loot Hoarder,Research Project,Frost Nova,Banana Buffoon,Arcane Intellect,Primordial Glyph,Molten Reflection,42.77,LOW
Doomsayer,Mirror Image,Book of Specters,Elemental Evocation,Stargazer Luna,Mana Cyclone,Frostbolt,Bloodmage Thalnos,Shooting Star,Sorcerer's Apprentice,Questing Adventurer,Research Project,Ray of Frost,Magic Trick,Frost Nova,Arcane Intellect,Chef Nomi,42.76,LOW
Flamestrike,Polymorph,Zilliax,Blizzard,Kalecgos,Firetree Witchdoctor,Fireball,Alexstrasza,Power of Creation,Frostbolt,Harrison Jones,Blast Wave,Scaleworm,Crowd Roaster,Barista Lynchen,Khadgar,Proud Defender,Archivist Elysiana,Astromancer,42.54,LOW
Flamestrike,Cosmic Anomaly,Doomsayer,Zilliax,Blizzard,Archmage Antonidas,Kalecgos,Fireball,Acolyte of Pain,Alexstrasza,Frostbolt,Bloodmage Thalnos,Novice Engineer,Loot Hoarder,Ray of Frost,Frost Nova,Arcane Intellect,Pyroblast,42.45,LOW
Flamestrike,Doomsayer,Polymorph,Daring Fire-Eater,Zilliax,Jan'alai, the Dragonhawk,Conjurer's Calling,Mana Cyclone,Messenger Raven,Power of Creation,Voodoo Doll,Spirit of the Dragonhawk,Sunreaver Warmage,Ray of Frost,Arcane Intellect,Khadgar,Astromancer,42.22,LOW
Flamestrike,Doomsayer,Zilliax,Blizzard,Archmage Antonidas,Kalecgos,Fireball,Acolyte of Pain,Ice Barrier,Alexstrasza,Frostbolt,Sorcerer's Apprentice,Research Project,Sunreaver Warmage,Ray of Frost,Frost Nova,Arcane Intellect,Pyroblast,41.94,LOW
Flamestrike,Doomsayer,Zilliax,Blizzard,Stargazer Luna,Unexpected Results,Kalecgos,Alexstrasza,Power of Creation,Frostbolt,Bloodmage Thalnos,Archmage Vargoth,Sunreaver Warmage,Ray of Frost,Frost Nova,Arcane Intellect,Celestial Emissary,Khadgar,Pyroblast,41.72,LOW
Cosmic Anomaly,Stargazer Luna,Elemental Evocation,Kirin Tor Tricaster,Archmage Antonidas,Fireball,Mana Cyclone,Frostbolt,Bloodmage Thalnos,Shooting Star,Arcane Missiles,Magic Dart Frog,Sorcerer's Apprentice,Spellzerker,Ray of Frost,Arcane Explosion,Arcane Intellect,40.99,LOW
Cosmic Anomaly,Mirror Image,Stargazer Luna,Elemental Evocation,Archmage Antonidas,Fireball,Mana Cyclone,Frostbolt,Archmage Vargoth,Shooting Star,Arcane Missiles,Cinderstorm,Sorcerer's Apprentice,Research Project,Ray of Frost,Magic Trick,Arcane Intellect,39.98,LOW
Zilliax,Blizzard,Stargazer Luna,Open the Waygate,Archmage Antonidas,Fire Fly,Glacial Shard,Arcane Artificer,Sorcerer's Apprentice,Loot Hoarder,Research Project,Frost Nova,Banana Buffoon,Arcane Intellect,Lesser Ruby Spellstone,Primordial Glyph,Molten Reflection,39.97,LOW
Mirror Entity,Archmage,Mirror Image,Water Elemental,Archmage Antonidas,Arcane Missiles,Fireball,Sorcerer's Apprentice,Frostbolt,Acidic Swamp Ooze,Mana Wyrm,Flamestrike,Arcane Intellect,Pyroblast,Kobold Geomancer,Polymorph,39.56,LOW
Cosmic Anomaly,Mirror Image,Unexpected Results,Azerite Elemental,Conjurer's Calling,Power of Creation,Frostbolt,Bloodmage Thalnos,Shooting Star,Arcane Missiles,Sorcerer's Apprentice,Mana Reservoir,Spellzerker,Magic Trick,Arcane Intellect,Khadgar,38.35,LOW
Doomsayer,Polymorph,Open the Waygate,Blizzard,Acolyte of Pain,Archmage Vargoth,Novice Engineer,Arcane Artificer,Cinderstorm,Loot Hoarder,Research Project,Frost Nova,Banana Buffoon,Arcane Intellect,Primordial Glyph,Drakkari Enchanter,Molten Reflection,37.33,LOW
Doomsayer,Blizzard,Open the Waygate,Stargazer Luna,Frostbolt,Archmage Vargoth,Novice Engineer,Tome of Intellect,Arcane Artificer,Arcane Missiles,Loot Hoarder,Research Project,Frost Nova,Banana Buffoon,Arcane Intellect,Malygos,Primordial Glyph,Molten Reflection,36.13,LOW
Cosmic Anomaly,Doomsayer,Blizzard,Archmage Antonidas,Jepetto Joybuzz,Kalecgos,Fireball,Alexstrasza,Faceless Manipulator,Frostbolt,Shooting Star,Arcane Missiles,Baron Geddon,Research Project,Frost Nova,Arcane Explosion,Arcane Intellect,Malygos,Luna's Pocket Galaxy,35.91,LOW
Cosmic Anomaly,Mirror Image,Elemental Evocation,Stargazer Luna,Archmage Antonidas,Fireball,Mana Cyclone,Frostbolt,Archmage Vargoth,Shooting Star,Arcane Missiles,Sorcerer's Apprentice,Research Project,Ray of Frost,Magic Trick,Frost Nova,Arcane Intellect,35.27,LOW
Cosmic Anomaly,Kirin Tor Tricaster,Arcane Watcher,Kalecgos,Mana Cyclone,Frostbolt,Bloodmage Thalnos,Shooting Star,Cone of Cold,Blast Wave,Spellzerker,Magic Trick,Arcane Explosion,Arcane Intellect,Celestial Emissary,Spellbook Binder,34.72,LOW
Cosmic Anomaly,Stargazer Luna,Kirin Tor Tricaster,Archmage Antonidas,Fireball,Conjurer's Calling,Mana Cyclone,Frostbolt,Vex Crow,Shooting Star,Arcane Missiles,Cinderstorm,Magic Dart Frog,Sorcerer's Apprentice,Spellzerker,Magic Trick,Khadgar,33.42,LOW
Flamestrike,Doomsayer,Snap Freeze,Blizzard,Archmage Antonidas,Jepetto Joybuzz,Kalecgos,Fireball,Icicle,Alexstrasza,Frostbolt,Arcane Missiles,Research Project,Ray of Frost,Frost Nova,Arcane Intellect,Malygos,Pyroblast,30.79,LOW
Doomsayer,Polymorph,Open the Waygate,Blizzard,Deck of Wonders,Acolyte of Pain,Archmage Vargoth,Novice Engineer,Arcane Artificer,Loot Hoarder,Research Project,Frost Nova,Banana Buffoon,Arcane Intellect,Primordial Glyph,Drakkari Enchanter,Molten Reflection,17.81,LOW
