Mass Hysteria,Tar Creeper,Zilliax,Divine Hymn,Mosh'Ogg Enforcer,Shadow Visions,Witchwood Grizzly,Psychic Scream,Inner Fire,Divine Spirit,Holy Smite,Topsy Turvy,Power Word: Shield,Mass Dispel,Master Oakheart,Lesser Diamond Spellstone,Eternal Servitude,Northshire Cleric,64.42,HIGH
Silence,Twilight Drake,Divine Hymn,Firetree Witchdoctor,Shadow Visions,Alexstrasza,Primordial Drake,Mind Blast,Duskbreaker,Wild Pyromancer,Psychic Scream,Dragonmaw Scorcher,Power Word: Shield,Scaleworm,Crowd Roaster,Shadowreaper Anduin,Northshire Cleric,62.61,HIGH
Shadow Madness,Twilight Drake,Unidentified Elixir,Nightscale Matriarch,Shadow Visions,Acolyte of Pain,Primordial Drake,Radiant Elemental,Duskbreaker,Psychic Scream,Inner Fire,Divine Spirit,Cabal Shadow Priest,Topsy Turvy,Power Word: Shield,Mass Dispel,Twilight Acolyte,Mossy Horror,Northshire Cleric,61.14,HIGH
Mass Hysteria,Shadow Madness,Tar Creeper,Zilliax,Divine Hymn,Mosh'Ogg Enforcer,Shadow Visions,Witchwood Grizzly,Archmage Vargoth,Psychic Scream,Inner Fire,Divine Spirit,Topsy Turvy,Power Word: Shield,Mass Dispel,The Lich King,Master Oakheart,Lesser Diamond Spellstone,Eternal Servitude,Northshire Cleric,59.96,HIGH
Mass Hysteria,Zilliax,Shadow Visions,Prophet Velen,Shadow Word: Death,Zerek's Cloning Gallery,Mind Blast,Radiant Elemental,Archmage Vargoth,Psychic Scream,Holy Smite,Power Word: Shield,Shadow Word: Pain,Mass Dispel,Malygos,Spirit Lash,Lesser Diamond Spellstone,Eternal Servitude,Shadow Essence,59.77,HIGH
Mass Hysteria,Twilight Drake,Divine Hymn,Firetree Witchdoctor,Shadow Visions,Acolyte of Pain,Alexstrasza,Primordial Drake,Mind Blast,Duskbreaker,Psychic Scream,Cabal Shadow Priest,Power Word: Shield,Scaleworm,Crowd Roaster,Shadowreaper Anduin,Twilight Acolyte,Holy Fire,Northshire Cleric,59.65,HIGH
Mass Hysteria,Tar Creeper,Twilight Drake,Firetree Witchdoctor,Shadow Visions,Alexstrasza,Primordial Drake,Mind Blast,Omega Medic,Duskbreaker,Psychic Scream,Cabal Shadow Priest,Power Word: Shield,Scaleworm,Shadowreaper Anduin,Twilight Acolyte,Holy Fire,Northshire Cleric,59.64,HIGH
Mass Hysteria,Twilight Drake,Divine Hymn,Shadow Visions,Firetree Witchdoctor,Acolyte of Pain,Alexstrasza,Primordial Drake,Mind Blast,Duskbreaker,Wild Pyromancer,Psychic Scream,Cabal Shadow Priest,Power Word: Shield,Shadowreaper Anduin,Twilight Acolyte,Northshire Cleric,59.49,HIGH
Mass Hysteria,Zilliax,Shadow Visions,Prophet Velen,Zerek's Cloning Gallery,Mind Blast,Radiant Elemental,Witchwood Grizzly,Archmage Vargoth,Psychic Scream,Holy Smite,Power Word: Shield,Shadow Word: Pain,Malygos,Spirit Lash,The Lich King,Lesser Diamond Spellstone,Eternal Servitude,Shadow Essence,59.42,HIGH
Mass Hysteria,Zilliax,Shadow Visions,Prophet Velen,Zerek's Cloning Gallery,Mind Blast,Witchwood Grizzly,Radiant Elemental,Archmage Vargoth,Psychic Scream,Holy Smite,Power Word: Shield,Shadow Word: Pain,Shadowreaper Anduin,Malygos,Spirit Lash,Lesser Diamond Spellstone,Eternal Servitude,Shadow Essence,59.31,HIGH
Silence,Mass Hysteria,Shadow Madness,Tar Creeper,Zilliax,Divine Hymn,Mosh'Ogg Enforcer,Shadow Visions,Witchwood Grizzly,Psychic Scream,Inner Fire,Divine Spirit,Topsy Turvy,Power Word: Shield,Mass Dispel,Master Oakheart,Lesser Diamond Spellstone,Eternal Servitude,Northshire Cleric,59.29,HIGH
Mass Hysteria,Tar Creeper,Zilliax,Divine Hymn,Mosh'Ogg Enforcer,Shadow Visions,Witchwood Grizzly,Archmage Vargoth,Psychic Scream,Inner Fire,Divine Spirit,Topsy Turvy,Power Word: Shield,Mass Dispel,The Lich King,Master Oakheart,Lesser Diamond Spellstone,Eternal Servitude,Northshire Cleric,59.27,HIGH
Mass Hysteria,Shadow Madness,Tar Creeper,Divine Hymn,Mosh'Ogg Enforcer,Shadow Visions,Shadow Word: Death,Witchwood Grizzly,Psychic Scream,Inner Fire,Divine Spirit,Topsy Turvy,Power Word: Shield,Mass Dispel,The Lich King,Master Oakheart,Lesser Diamond Spellstone,Eternal Servitude,Northshire Cleric,59.18,HIGH
Tar Creeper,Twilight Drake,Shadow Visions,Firetree Witchdoctor,Alexstrasza,Primordial Drake,Mind Blast,Duskbreaker,Psychic Scream,Cabal Shadow Priest,Power Word: Shield,Scaleworm,Crowd Roaster,Shadowreaper Anduin,Twilight Acolyte,Holy Fire,Northshire Cleric,59.16,HIGH
Mass Hysteria,Zilliax,Vivid Nightmare,Shadow Visions,Prophet Velen,Zerek's Cloning Gallery,Mind Blast,Radiant Elemental,Witchwood Grizzly,Archmage Vargoth,Psychic Scream,Holy Smite,Power Word: Shield,Malygos,Shadowreaper Anduin,Spirit Lash,Lesser Diamond Spellstone,Eternal Servitude,Shadow Essence,59.02,HIGH
Mass Hysteria,Zilliax,Vivid Nightmare,Shadow Visions,Prophet Velen,Shadow Word: Death,Zerek's Cloning Gallery,Mind Blast,Radiant Elemental,Archmage Vargoth,Psychic Scream,Holy Smite,Power Word: Shield,Malygos,Spirit Lash,The Lich King,Lesser Diamond Spellstone,Eternal Servitude,Shadow Essence,59.0,HIGH
Twilight Drake,Divine Hymn,Firetree Witchdoctor,Shadow Visions,Acolyte of Pain,Primordial Drake,Duskbreaker,Wild Pyromancer,Psychic Scream,Divine Spirit,Cabal Shadow Priest,Topsy Turvy,Power Word: Shield,Mass Dispel,Shadowreaper Anduin,Ysera,Twilight Acolyte,Northshire Cleric,58.88,HIGH
Mass Hysteria,Zilliax,Vivid Nightmare,Prophet Velen,Shadow Visions,Zerek's Cloning Gallery,Mind Blast,Radiant Elemental,Archmage Vargoth,Psychic Scream,Holy Smite,Power Word: Shield,Malygos,Shadowreaper Anduin,Spirit Lash,The Lich King,Lesser Diamond Spellstone,Eternal Servitude,Shadow Essence,58.85,HIGH
Tar Creeper,Twilight Drake,Shadow Visions,Firetree Witchdoctor,Acolyte of Pain,Alexstrasza,Primordial Drake,Mind Blast,Duskbreaker,Psychic Scream,Cabal Shadow Priest,Power Word: Shield,Scaleworm,Crowd Roaster,Shadowreaper Anduin,Twilight Acolyte,Holy Fire,Northshire Cleric,58.84,HIGH
Mass Hysteria,Zilliax,Shadow Visions,Prophet Velen,Zerek's Cloning Gallery,Mind Blast,Radiant Elemental,Witchwood Grizzly,Archmage Vargoth,Psychic Scream,Holy Smite,Gilded Gargoyle,Power Word: Shield,Shadowreaper Anduin,Malygos,Spirit Lash,The Lich King,Lesser Diamond Spellstone,Lyra the Sunshard,Eternal Servitude,58.8,HIGH
Twilight Drake,Shadow Visions,Firetree Witchdoctor,Acolyte of Pain,Alexstrasza,Primordial Drake,Mind Blast,Duskbreaker,Psychic Scream,Cabal Shadow Priest,Dragonmaw Scorcher,Power Word: Shield,Scaleworm,Crowd Roaster,Shadowreaper Anduin,Twilight Acolyte,Holy Fire,Northshire Cleric,58.78,HIGH
Mass Hysteria,Zilliax,Shadow Visions,Prophet Velen,Zerek's Cloning Gallery,Mind Blast,Radiant Elemental,Archmage Vargoth,Psychic Scream,Holy Smite,Power Word: Shield,Mass Dispel,Malygos,Shadowreaper Anduin,Spirit Lash,The Lich King,Lesser Diamond Spellstone,Eternal Servitude,Shadow Essence,58.72,HIGH
Mass Hysteria,Shadow Madness,Tar Creeper,Zilliax,Mosh'Ogg Enforcer,Shadow Visions,Witchwood Grizzly,Psychic Scream,Inner Fire,Divine Spirit,Topsy Turvy,Power Word: Shield,Mass Dispel,The Lich King,Master Oakheart,Lesser Diamond Spellstone,Eternal Servitude,Northshire Cleric,58.67,HIGH
Mass Hysteria,Zilliax,Shadow Visions,Prophet Velen,Zerek's Cloning Gallery,Mind Blast,Radiant Elemental,Archmage Vargoth,Psychic Scream,Holy Smite,Power Word: Shield,Malygos,Shadowreaper Anduin,Spirit Lash,The Lich King,Lesser Diamond Spellstone,Lyra the Sunshard,Eternal Servitude,Shadow Essence,58.63,HIGH
Mass Hysteria,Zilliax,Vivid Nightmare,Prophet Velen,Shadow Visions,Zerek's Cloning Gallery,Mind Blast,Radiant Elemental,Archmage Vargoth,Psychic Scream,Holy Smite,Power Word: Shield,Shadow Word: Pain,Malygos,Spirit Lash,The Lich King,Lesser Diamond Spellstone,Eternal Servitude,Shadow Essence,58.62,HIGH
Mass Hysteria,Zilliax,Shadow Visions,Prophet Velen,Zerek's Cloning Gallery,Mind Blast,Radiant Elemental,Archmage Vargoth,Psychic Scream,Holy Smite,Power Word: Shield,Shadow Word: Pain,Mass Dispel,Shadowreaper Anduin,Malygos,Spirit Lash,Lesser Diamond Spellstone,Eternal Servitude,Shadow Essence,58.59,HIGH
Mass Hysteria,Shadow Madness,Tar Creeper,Zilliax,Divine Hymn,Mosh'Ogg Enforcer,Shadow Visions,Witchwood Grizzly,Psychic Scream,Inner Fire,Divine Spirit,Topsy Turvy,Power Word: Shield,Mass Dispel,Ysera,Master Oakheart,Lesser Diamond Spellstone,Eternal Servitude,Northshire Cleric,58.55,HIGH
Twilight Drake,Shadow Visions,Firetree Witchdoctor,Acolyte of Pain,Alexstrasza,Mind Blast,Duskbreaker,Psychic Scream,Cabal Shadow Priest,Power Word: Shield,Scaleworm,Crowd Roaster,Shadowreaper Anduin,Twilight Acolyte,Holy Fire,Northshire Cleric,58.54,HIGH
Mass Hysteria,Shadow Madness,Tar Creeper,Zilliax,Mosh'Ogg Enforcer,Shadow Visions,Witchwood Grizzly,Psychic Scream,Inner Fire,Divine Spirit,Cabal Shadow Priest,Topsy Turvy,Power Word: Shield,Mass Dispel,The Lich King,Master Oakheart,Lesser Diamond Spellstone,Eternal Servitude,Northshire Cleric,58.48,HIGH
Mass Hysteria,Zilliax,Shadow Visions,Prophet Velen,Shadow Word: Death,Zerek's Cloning Gallery,Mind Blast,Radiant Elemental,Archmage Vargoth,Psychic Scream,Holy Smite,Power Word: Shield,Mass Dispel,Malygos,Shadowreaper Anduin,Spirit Lash,Lesser Diamond Spellstone,Eternal Servitude,Shadow Essence,58.42,HIGH
Tar Creeper,Twilight Drake,Shadow Visions,Firetree Witchdoctor,Acolyte of Pain,Alexstrasza,Primordial Drake,Mind Blast,Duskbreaker,Psychic Scream,Cabal Shadow Priest,Power Word: Shield,Scaleworm,Crowd Roaster,Shadowreaper Anduin,Twilight Acolyte,Holy Fire,Northshire Cleric,58.41,HIGH
Mass Hysteria,Shadow Madness,Tar Creeper,Zilliax,Divine Hymn,Mosh'Ogg Enforcer,Shadow Visions,Witchwood Grizzly,Archmage Vargoth,Psychic Scream,Inner Fire,Divine Spirit,Topsy Turvy,Power Word: Shield,Mass Dispel,The Lich King,Master Oakheart,Lesser Diamond Spellstone,Eternal Servitude,Northshire Cleric,58.31,HIGH
Tar Creeper,Twilight Drake,Shadow Visions,Firetree Witchdoctor,Alexstrasza,Primordial Drake,Mind Blast,Omega Medic,Duskbreaker,Psychic Scream,Cabal Shadow Priest,Power Word: Shield,Scaleworm,Crowd Roaster,Shadowreaper Anduin,Twilight Acolyte,Holy Fire,Northshire Cleric,58.3,HIGH
Tar Creeper,Twilight Drake,Zilliax,Firetree Witchdoctor,Shadow Visions,Alexstrasza,Primordial Drake,Mind Blast,Duskbreaker,Omega Medic,Psychic Scream,Cabal Shadow Priest,Power Word: Shield,Scaleworm,Crowd Roaster,Shadowreaper Anduin,Twilight Acolyte,Holy Fire,Northshire Cleric,58.11,HIGH
Twilight Drake,Firetree Witchdoctor,Shadow Visions,Acolyte of Pain,Alexstrasza,Primordial Drake,Mind Blast,Duskbreaker,Psychic Scream,Cabal Shadow Priest,Power Word: Shield,Scaleworm,Crowd Roaster,Shadowreaper Anduin,Twilight Acolyte,Holy Fire,Northshire Cleric,58.06,HIGH
Mass Hysteria,Zilliax,Shadow Visions,Prophet Velen,Shadow Word: Death,Zerek's Cloning Gallery,Mind Blast,Radiant Elemental,Archmage Vargoth,Psychic Scream,Holy Smite,Power Word: Shield,Shadow Word: Pain,Shadowreaper Anduin,Malygos,Spirit Lash,Lesser Diamond Spellstone,Eternal Servitude,Shadow Essence,57.96,HIGH
Tar Creeper,Twilight Drake,Firetree Witchdoctor,Shadow Visions,Alexstrasza,Primordial Drake,Mind Blast,Duskbreaker,Omega Medic,Psychic Scream,Cabal Shadow Priest,Dragonmaw Scorcher,Power Word: Shield,Scaleworm,Shadowreaper Anduin,Twilight Acolyte,Holy Fire,Northshire Cleric,57.9,HIGH
Mass Hysteria,Tar Creeper,Zilliax,Divine Hymn,Mosh'Ogg Enforcer,Shadow Visions,Witchwood Grizzly,Psychic Scream,Inner Fire,Divine Spirit,Topsy Turvy,Power Word: Shield,Mass Dispel,The Lich King,Master Oakheart,Lesser Diamond Spellstone,Eternal Servitude,Northshire Cleric,57.89,HIGH
Twilight Drake,Firetree Witchdoctor,Shadow Visions,Alexstrasza,Primordial Drake,Mind Blast,Duskbreaker,Psychic Scream,Cabal Shadow Priest,Power Word: Shield,Mass Dispel,Scaleworm,Crowd Roaster,Shadowreaper Anduin,Gluttonous Ooze,Twilight Acolyte,Holy Fire,Northshire Cleric,57.84,HIGH
Mass Hysteria,Shadow Madness,Tar Creeper,Zilliax,Divine Hymn,Mosh'Ogg Enforcer,Shadow Visions,Witchwood Grizzly,Archmage Vargoth,Psychic Scream,Inner Fire,Divine Spirit,Topsy Turvy,Power Word: Shield,Mass Dispel,The Lich King,Master Oakheart,Lesser Diamond Spellstone,Eternal Servitude,Northshire Cleric,57.79,HIGH
Tar Creeper,Twilight Drake,Divine Hymn,Shadow Visions,Firetree Witchdoctor,Alexstrasza,Primordial Drake,Mind Blast,Duskbreaker,Psychic Scream,Cabal Shadow Priest,Power Word: Shield,Scaleworm,Crowd Roaster,Shadowreaper Anduin,Twilight Acolyte,Holy Fire,Northshire Cleric,57.79,HIGH
Mass Hysteria,Zilliax,Vivid Nightmare,Shadow Visions,Prophet Velen,Shadow Word: Death,Mind Blast,Radiant Elemental,Psychic Scream,Holy Smite,Power Word: Shield,Shadow Word: Pain,Mass Dispel,Malygos,Shadowreaper Anduin,Spirit Lash,Lesser Diamond Spellstone,Eternal Servitude,Shadow Essence,57.75,HIGH
Mass Hysteria,Shadow Madness,Tar Creeper,Zilliax,Divine Hymn,Mosh'Ogg Enforcer,Shadow Visions,Witchwood Grizzly,Archmage Vargoth,Psychic Scream,Inner Fire,Divine Spirit,Topsy Turvy,Power Word: Shield,Mass Dispel,Master Oakheart,Lesser Diamond Spellstone,Eternal Servitude,Northshire Cleric,57.73,HIGH
Twilight Drake,Firetree Witchdoctor,Shadow Visions,Acolyte of Pain,Alexstrasza,Primordial Drake,Mind Blast,Duskbreaker,Psychic Scream,Cabal Shadow Priest,Power Word: Shield,Scaleworm,Crowd Roaster,Shadowreaper Anduin,Twilight Acolyte,Holy Fire,Northshire Cleric,57.72,HIGH
Tar Creeper,Twilight Drake,Shadow Visions,Firetree Witchdoctor,Alexstrasza,Primordial Drake,Mind Blast,Duskbreaker,Psychic Scream,Cabal Shadow Priest,Power Word: Shield,Scaleworm,Crowd Roaster,Shadowreaper Anduin,Twilight Acolyte,Holy Fire,Northshire Cleric,57.59,HIGH
Mass Hysteria,Shadow Madness,Tar Creeper,Zilliax,Mosh'Ogg Enforcer,Shadow Visions,Witchwood Grizzly,Psychic Scream,Inner Fire,Divine Spirit,Topsy Turvy,Power Word: Shield,Mass Dispel,Spirit Lash,The Lich King,Master Oakheart,Lesser Diamond Spellstone,Eternal Servitude,Northshire Cleric,57.53,HIGH
Mass Hysteria,Zilliax,Shadow Visions,Prophet Velen,Zerek's Cloning Gallery,Mind Blast,Radiant Elemental,Archmage Vargoth,Psychic Scream,Holy Smite,Power Word: Shield,Shadow Word: Pain,Malygos,Spirit Lash,The Lich King,Lesser Diamond Spellstone,Eternal Servitude,Shadow Essence,57.52,HIGH
Mass Hysteria,Shadow Madness,Tar Creeper,Zilliax,Divine Hymn,Mosh'Ogg Enforcer,Shadow Visions,Witchwood Grizzly,Psychic Scream,Inner Fire,Divine Spirit,Damaged Stegotron,Topsy Turvy,Power Word: Shield,Mass Dispel,Master Oakheart,Lesser Diamond Spellstone,Eternal Servitude,Northshire Cleric,57.5,HIGH
Mass Hysteria,Shadow Madness,Tar Creeper,Zilliax,Mosh'Ogg Enforcer,Shadow Visions,Witchwood Grizzly,Psychic Scream,Inner Fire,Divine Spirit,Topsy Turvy,Power Word: Shield,Shadow Word: Pain,Mass Dispel,The Lich King,Master Oakheart,Lesser Diamond Spellstone,Eternal Servitude,Northshire Cleric,57.47,HIGH
Mass Hysteria,Zilliax,Shadow Visions,Prophet Velen,Zerek's Cloning Gallery,Mind Blast,Radiant Elemental,Archmage Vargoth,Psychic Scream,Holy Smite,Power Word: Shield,Shadow Word: Pain,Malygos,Shadowreaper Anduin,Spirit Lash,Lesser Diamond Spellstone,Eternal Servitude,Shadow Essence,57.44,HIGH
Mass Hysteria,Tar Creeper,Zilliax,Divine Hymn,Mosh'Ogg Enforcer,Shadow Visions,Shadow Word: Death,Witchwood Grizzly,Psychic Scream,Inner Fire,Divine Spirit,Topsy Turvy,Power Word: Shield,Mass Dispel,The Lich King,Master Oakheart,Lesser Diamond Spellstone,Eternal Servitude,Northshire Cleric,57.42,HIGH
Mass Hysteria,Zilliax,Vivid Nightmare,Shadow Visions,Prophet Velen,Zerek's Cloning Gallery,Mind Blast,Radiant Elemental,Psychic Scream,Holy Smite,Power Word: Shield,Shadow Word: Pain,Mass Dispel,Malygos,Shadowreaper Anduin,Spirit Lash,Lesser Diamond Spellstone,Eternal Servitude,Shadow Essence,57.41,HIGH
Mass Hysteria,Tar Creeper,Twilight Drake,Firetree Witchdoctor,Shadow Visions,Alexstrasza,Primordial Drake,Mind Blast,Duskbreaker,Omega Medic,Psychic Scream,Cabal Shadow Priest,Power Word: Shield,Scaleworm,Crowd Roaster,Shadowreaper Anduin,Twilight Acolyte,Holy Fire,Northshire Cleric,57.32,HIGH
Mass Hysteria,Zilliax,Shadow Visions,Prophet Velen,Obsidian Statue,Zerek's Cloning Gallery,Mind Blast,Witchwood Grizzly,Radiant Elemental,Psychic Scream,Holy Smite,Gilded Gargoyle,Malygos,Spirit Lash,The Lich King,Lesser Diamond Spellstone,Lyra the Sunshard,Eternal Servitude,Shadow Essence,57.3,HIGH
Tar Creeper,Twilight Drake,Firetree Witchdoctor,Shadow Visions,Alexstrasza,Primordial Drake,Mind Blast,Duskbreaker,Omega Medic,Psychic Scream,Cabal Shadow Priest,Power Word: Shield,Scaleworm,Crowd Roaster,Shadowreaper Anduin,Twilight Acolyte,Holy Fire,Northshire Cleric,57.28,HIGH
Mass Hysteria,Zilliax,Vivid Nightmare,Prophet Velen,Shadow Visions,Zerek's Cloning Gallery,Shadow Word: Death,Mind Blast,Radiant Elemental,Archmage Vargoth,Psychic Scream,Holy Smite,Power Word: Shield,Shadow Word: Pain,Malygos,Spirit Lash,Lesser Diamond Spellstone,Eternal Servitude,Shadow Essence,57.25,HIGH
Mass Hysteria,Shadow Madness,Tar Creeper,Zilliax,Divine Hymn,Mosh'Ogg Enforcer,Shadow Visions,Witchwood Grizzly,Archmage Vargoth,Psychic Scream,Inner Fire,Divine Spirit,Topsy Turvy,Power Word: Shield,Mass Dispel,The Lich King,Master Oakheart,Lesser Diamond Spellstone,Eternal Servitude,Northshire Cleric,57.22,HIGH
Tar Creeper,Twilight Drake,Shadow Visions,Firetree Witchdoctor,Alexstrasza,Primordial Drake,Mind Blast,Duskbreaker,Psychic Scream,Cabal Shadow Priest,Power Word: Shield,Scaleworm,Crowd Roaster,Shadowreaper Anduin,Gluttonous Ooze,Twilight Acolyte,Holy Fire,Northshire Cleric,57.22,HIGH
Silence,Mass Hysteria,Shadow Madness,Twilight Drake,Divine Hymn,Mosh'Ogg Enforcer,Shadow Visions,Primordial Drake,Witchwood Grizzly,Duskbreaker,Psychic Scream,Inner Fire,Divine Spirit,Topsy Turvy,Power Word: Shield,Mass Dispel,Master Oakheart,Lesser Diamond Spellstone,Eternal Servitude,Northshire Cleric,57.16,HIGH
Mass Hysteria,Zilliax,Vivid Nightmare,Shadow Visions,Prophet Velen,Shadow Word: Death,Mind Blast,Radiant Elemental,Archmage Vargoth,Psychic Scream,Holy Smite,Power Word: Shield,Mass Dispel,Shadowreaper Anduin,Malygos,Spirit Lash,Lesser Diamond Spellstone,Eternal Servitude,Shadow Essence,56.99,HIGH
Mass Hysteria,Shadow Madness,Tar Creeper,Zilliax,Mosh'Ogg Enforcer,Shadow Visions,Witchwood Grizzly,Psychic Scream,Inner Fire,Divine Spirit,Power Word: Shield,Mass Dispel,The Lich King,Master Oakheart,Lesser Diamond Spellstone,Eternal Servitude,Northshire Cleric,56.97,HIGH
Mass Hysteria,Zilliax,Vivid Nightmare,Shadow Visions,Prophet Velen,Zerek's Cloning Gallery,Mind Blast,Radiant Elemental,Archmage Vargoth,Psychic Scream,Holy Smite,Power Word: Shield,Mass Dispel,Shadowreaper Anduin,Malygos,Spirit Lash,Lesser Diamond Spellstone,Eternal Servitude,Shadow Essence,56.96,HIGH
Mass Hysteria,Shadow Madness,Tar Creeper,Zilliax,Divine Hymn,Mosh'Ogg Enforcer,Shadow Visions,Witchwood Grizzly,Psychic Scream,Inner Fire,Divine Spirit,Topsy Turvy,Power Word: Shield,Mass Dispel,The Lich King,Master Oakheart,Lesser Diamond Spellstone,Eternal Servitude,Northshire Cleric,56.92,HIGH
Mass Hysteria,Shadow Madness,Tar Creeper,Zilliax,Divine Hymn,Mosh'Ogg Enforcer,Shadow Visions,Witchwood Grizzly,Psychic Scream,Inner Fire,Divine Spirit,Topsy Turvy,Power Word: Shield,Mass Dispel,The Lich King,Master Oakheart,Lesser Diamond Spellstone,Eternal Servitude,Northshire Cleric,56.81,HIGH
Mass Hysteria,Divine Hymn,Shadow Visions,Prophet Velen,Zerek's Cloning Gallery,Shadow Word: Death,Mind Blast,Radiant Elemental,Archmage Vargoth,Psychic Scream,Holy Smite,Power Word: Shield,Malygos,Shadowreaper Anduin,Spirit Lash,Lesser Diamond Spellstone,Eternal Servitude,Shadow Essence,Holy Nova,56.81,HIGH
Twilight Drake,Divine Hymn,Firetree Witchdoctor,Shadow Visions,Acolyte of Pain,Alexstrasza,Primordial Drake,Mind Blast,Duskbreaker,Wild Pyromancer,Psychic Scream,Cabal Shadow Priest,Power Word: Shield,Scaleworm,Crowd Roaster,Shadowreaper Anduin,Twilight Acolyte,Holy Fire,Northshire Cleric,56.76,HIGH
Mass Hysteria,Tar Creeper,Twilight Drake,Firetree Witchdoctor,Shadow Visions,Alexstrasza,Primordial Drake,Mind Blast,Omega Medic,Duskbreaker,Psychic Scream,Cabal Shadow Priest,Power Word: Shield,Scaleworm,Crowd Roaster,Shadowreaper Anduin,Twilight Acolyte,Holy Fire,Northshire Cleric,56.73,HIGH
Mass Hysteria,Shadow Madness,Tar Creeper,Zilliax,Mosh'Ogg Enforcer,Shadow Visions,Witchwood Grizzly,Psychic Scream,Inner Fire,Divine Spirit,Topsy Turvy,Power Word: Shield,Mass Dispel,The Lich King,Master Oakheart,Lesser Diamond Spellstone,Eternal Servitude,Northshire Cleric,56.71,HIGH
Mass Hysteria,Shadow Madness,Tar Creeper,Zilliax,Divine Hymn,Mosh'Ogg Enforcer,Shadow Visions,Shadow Word: Death,Witchwood Grizzly,Psychic Scream,Inner Fire,Divine Spirit,Topsy Turvy,Power Word: Shield,Mass Dispel,The Lich King,Master Oakheart,Lesser Diamond Spellstone,Eternal Servitude,Northshire Cleric,56.63,HIGH
Mass Hysteria,Zilliax,Vivid Nightmare,Shadow Visions,Prophet Velen,Shadow Word: Death,Zerek's Cloning Gallery,Mind Blast,Radiant Elemental,Psychic Scream,Holy Smite,Power Word: Shield,Shadow Word: Pain,Mass Dispel,Shadowreaper Anduin,Malygos,Spirit Lash,Lesser Diamond Spellstone,Eternal Servitude,Shadow Essence,56.62,HIGH
Mass Hysteria,Shadow Madness,Tar Creeper,Zilliax,Mosh'Ogg Enforcer,Shadow Visions,Witchwood Grizzly,Psychic Scream,Inner Fire,Divine Spirit,Cabal Shadow Priest,Topsy Turvy,Power Word: Shield,The Lich King,Master Oakheart,Lesser Diamond Spellstone,Eternal Servitude,Northshire Cleric,56.62,HIGH
Mass Hysteria,Zilliax,Shadow Visions,Prophet Velen,Zerek's Cloning Gallery,Mind Blast,Radiant Elemental,Psychic Scream,Holy Smite,Gilded Gargoyle,Power Word: Shield,Malygos,Spirit Lash,The Lich King,Lesser Diamond Spellstone,Lyra the Sunshard,Eternal Servitude,Shadow Essence,56.61,HIGH
Twilight Drake,Shadow Visions,Firetree Witchdoctor,Acolyte of Pain,Alexstrasza,Primordial Drake,Mind Blast,Duskbreaker,Psychic Scream,Cabal Shadow Priest,Power Word: Shield,Scaleworm,Crowd Roaster,Shadowreaper Anduin,Twilight Acolyte,Holy Fire,Northshire Cleric,56.6,HIGH
Mass Hysteria,Zilliax,Vivid Nightmare,Prophet Velen,Shadow Visions,Zerek's Cloning Gallery,Mind Blast,Radiant Elemental,Archmage Vargoth,Psychic Scream,Holy Smite,Power Word: Shield,Malygos,Spirit Lash,The Lich King,Lesser Diamond Spellstone,Lyra the Sunshard,Eternal Servitude,Shadow Essence,56.6,HIGH
Tar Creeper,Twilight Drake,Firetree Witchdoctor,Shadow Visions,Alexstrasza,Mind Blast,Duskbreaker,Psychic Scream,Cabal Shadow Priest,Power Word: Shield,Scaleworm,Crowd Roaster,Shadowreaper Anduin,Twilight Acolyte,Holy Fire,Northshire Cleric,56.58,HIGH
Mass Hysteria,Zilliax,Vivid Nightmare,Shadow Visions,Prophet Velen,Zerek's Cloning Gallery,Mind Blast,Radiant Elemental,Archmage Vargoth,Psychic Scream,Holy Smite,Power Word: Shield,Mass Dispel,Malygos,Spirit Lash,The Lich King,Lesser Diamond Spellstone,Eternal Servitude,Shadow Essence,56.55,HIGH
Mass Hysteria,Shadow Madness,Tar Creeper,Zilliax,Divine Hymn,Mosh'Ogg Enforcer,Shadow Visions,Witchwood Grizzly,Psychic Scream,Divine Spirit,Topsy Turvy,Power Word: Shield,Mass Dispel,The Lich King,Master Oakheart,Lesser Diamond Spellstone,Eternal Servitude,Northshire Cleric,56.54,HIGH
Mass Hysteria,Zilliax,Vivid Nightmare,Shadow Visions,Prophet Velen,Shadow Word: Death,Zerek's Cloning Gallery,Mind Blast,Radiant Elemental,Psychic Scream,Holy Smite,Power Word: Shield,Mass Dispel,Malygos,Spirit Lash,Lesser Diamond Spellstone,Eternal Servitude,Shadow Essence,56.52,HIGH
Mass Hysteria,Zilliax,Vivid Nightmare,Prophet Velen,Shadow Visions,Shadow Word: Death,Zerek's Cloning Gallery,Mind Blast,Radiant Elemental,Psychic Scream,Holy Smite,Power Word: Shield,Mass Dispel,Malygos,Spirit Lash,The Lich King,Lesser Diamond Spellstone,Eternal Servitude,Shadow Essence,56.5,HIGH
Mass Hysteria,Zilliax,Vivid Nightmare,Shadow Visions,Prophet Velen,Zerek's Cloning Gallery,Mind Blast,Radiant Elemental,Witchwood Grizzly,Psychic Scream,Holy Smite,Gilded Gargoyle,Power Word: Shield,Malygos,Spirit Lash,The Lich King,Lesser Diamond Spellstone,Lyra the Sunshard,Eternal Servitude,56.47,HIGH
Mass Hysteria,Zilliax,Vivid Nightmare,Prophet Velen,Shadow Visions,Shadow Word: Death,Zerek's Cloning Gallery,Mind Blast,Radiant Elemental,Archmage Vargoth,Psychic Scream,Holy Smite,Power Word: Shield,Malygos,Shadowreaper Anduin,Spirit Lash,Lesser Diamond Spellstone,Eternal Servitude,Shadow Essence,56.46,HIGH
Mass Hysteria,Shadow Madness,Tar Creeper,Zilliax,Divine Hymn,Mosh'Ogg Enforcer,Shadow Visions,Witchwood Grizzly,Psychic Scream,Inner Fire,Divine Spirit,Topsy Turvy,Power Word: Shield,Mass Dispel,Shadowreaper Anduin,Master Oakheart,Lesser Diamond Spellstone,Eternal Servitude,Northshire Cleric,56.46,HIGH
Mass Hysteria,Shadow Madness,Tar Creeper,Zilliax,Mosh'Ogg Enforcer,Shadow Visions,Witchwood Grizzly,Psychic Scream,Inner Fire,Divine Spirit,Topsy Turvy,Power Word: Shield,Shadow Word: Pain,The Lich King,Master Oakheart,Lesser Diamond Spellstone,Eternal Servitude,Northshire Cleric,56.45,HIGH
Mass Hysteria,Zilliax,Vivid Nightmare,Shadow Visions,Prophet Velen,Zerek's Cloning Gallery,Mind Blast,Radiant Elemental,Archmage Vargoth,Psychic Scream,Holy Smite,Power Word: Shield,Shadow Word: Pain,Shadowreaper Anduin,Malygos,Spirit Lash,Lesser Diamond Spellstone,Eternal Servitude,Shadow Essence,56.34,HIGH
Mass Hysteria,Shadow Madness,Tar Creeper,Zilliax,Divine Hymn,Mosh'Ogg Enforcer,Shadow Visions,Witchwood Grizzly,Psychic Scream,Inner Fire,Divine Spirit,Topsy Turvy,Power Word: Shield,Mass Dispel,Shadowreaper Anduin,The Lich King,Master Oakheart,Lesser Diamond Spellstone,Eternal Servitude,Northshire Cleric,56.32,HIGH
Skulking Geist,Twilight Drake,Firetree Witchdoctor,Shadow Visions,Alexstrasza,Primordial Drake,Mind Blast,Duskbreaker,Psychic Scream,Cabal Shadow Priest,Power Word: Shield,Scaleworm,Crowd Roaster,Shadowreaper Anduin,Gluttonous Ooze,Twilight Acolyte,Holy Fire,Northshire Cleric,56.28,HIGH
Mass Hysteria,Zilliax,Vivid Nightmare,Shadow Visions,Prophet Velen,Zerek's Cloning Gallery,Mind Blast,Radiant Elemental,Witchwood Grizzly,Archmage Vargoth,Psychic Scream,Holy Smite,Power Word: Shield,Malygos,Spirit Lash,The Lich King,Lesser Diamond Spellstone,Eternal Servitude,Shadow Essence,56.27,HIGH
Mass Hysteria,Shadow Madness,Tar Creeper,Zilliax,Mosh'Ogg Enforcer,Shadow Visions,Witchwood Grizzly,Archmage Vargoth,Psychic Scream,Inner Fire,Divine Spirit,Topsy Turvy,Power Word: Shield,Mass Dispel,The Lich King,Master Oakheart,Lesser Diamond Spellstone,Eternal Servitude,Northshire Cleric,56.26,HIGH
Mass Hysteria,Zilliax,Shadow Visions,Prophet Velen,Shadow Word: Death,Zerek's Cloning Gallery,Mind Blast,Radiant Elemental,Witchwood Grizzly,Archmage Vargoth,Psychic Scream,Holy Smite,Shadow Word: Pain,Malygos,Spirit Lash,The Lich King,Lesser Diamond Spellstone,Eternal Servitude,Shadow Essence,56.23,HIGH
Mass Hysteria,Zilliax,Vivid Nightmare,Shadow Visions,Prophet Velen,Shadow Word: Death,Zerek's Cloning Gallery,Mind Blast,Radiant Elemental,Archmage Vargoth,Psychic Scream,Holy Smite,Power Word: Shield,Mass Dispel,Malygos,Spirit Lash,Lesser Diamond Spellstone,Eternal Servitude,Shadow Essence,56.07,MEDIUM
Skulking Geist,Tar Creeper,Twilight Drake,Divine Hymn,Firetree Witchdoctor,Shadow Visions,Acolyte of Pain,Alexstrasza,Primordial Drake,Mind Blast,Duskbreaker,Wild Pyromancer,Psychic Scream,Cabal Shadow Priest,Power Word: Shield,Scaleworm,Shadowreaper Anduin,Twilight Acolyte,Northshire Cleric,56.06,MEDIUM
Mass Hysteria,Zilliax,Divine Hymn,Mosh'Ogg Enforcer,Forbidden Words,Catrina Muerte,Convincing Infiltrator,Shadow Word: Death,Witchwood Grizzly,Archmage Vargoth,Inner Fire,Hench-Clan Shadequill,Divine Spirit,Damaged Stegotron,Mass Resurrection,Topsy Turvy,Power Word: Shield,Northshire Cleric,55.98,MEDIUM
Twilight Drake,Shadow Visions,Firetree Witchdoctor,Acolyte of Pain,Alexstrasza,Primordial Drake,Mind Blast,Duskbreaker,Psychic Scream,Cabal Shadow Priest,Power Word: Shield,Scaleworm,Crowd Roaster,Shadowreaper Anduin,Twilight Acolyte,Holy Fire,Northshire Cleric,55.93,MEDIUM
Mass Hysteria,Zilliax,Shadow Visions,Prophet Velen,Zerek's Cloning Gallery,Mind Blast,Radiant Elemental,Archmage Vargoth,Psychic Scream,Holy Smite,Power Word: Shield,Shadow Word: Pain,Mass Dispel,Shadowreaper Anduin,Malygos,Spirit Lash,Lesser Diamond Spellstone,Eternal Servitude,Shadow Essence,55.92,MEDIUM
Mass Hysteria,Twilight Drake,Divine Hymn,Shadow Visions,Firetree Witchdoctor,Alexstrasza,Primordial Drake,Mind Blast,Duskbreaker,Psychic Scream,Cabal Shadow Priest,Power Word: Shield,Scaleworm,Crowd Roaster,Shadowreaper Anduin,Twilight Acolyte,Holy Fire,Northshire Cleric,55.85,MEDIUM
Silence,Twilight Drake,Divine Hymn,Shadow Visions,Acolyte of Pain,Alexstrasza,Primordial Drake,Mind Blast,Duskbreaker,Wild Pyromancer,Psychic Scream,Cabal Shadow Priest,Power Word: Shield,Shadowreaper Anduin,Archbishop Benedictus,Twilight Acolyte,Northshire Cleric,55.77,MEDIUM
Twilight Drake,Shadow Visions,Firetree Witchdoctor,Acolyte of Pain,Alexstrasza,Primordial Drake,Mind Blast,Duskbreaker,Psychic Scream,Cabal Shadow Priest,Power Word: Shield,Mass Dispel,Scaleworm,Crowd Roaster,Shadowreaper Anduin,Gluttonous Ooze,Twilight Acolyte,Holy Fire,Northshire Cleric,55.72,MEDIUM
Mass Hysteria,Shadow Madness,Tar Creeper,Divine Hymn,Mosh'Ogg Enforcer,Shadow Visions,Witchwood Grizzly,Psychic Scream,Inner Fire,Divine Spirit,Topsy Turvy,Power Word: Shield,Mass Dispel,The Lich King,Master Oakheart,Lesser Diamond Spellstone,Eternal Servitude,Northshire Cleric,55.7,MEDIUM
Mass Hysteria,Zilliax,Vivid Nightmare,Shadow Visions,Prophet Velen,Zerek's Cloning Gallery,Mind Blast,Radiant Elemental,Psychic Scream,Holy Smite,Power Word: Shield,Mass Dispel,Shadowreaper Anduin,Malygos,Spirit Lash,Lesser Diamond Spellstone,Eternal Servitude,Shadow Essence,55.46,MEDIUM
Mass Hysteria,Zilliax,Vivid Nightmare,Shadow Visions,Prophet Velen,Obsidian Statue,Zerek's Cloning Gallery,Shadow Word: Death,Mind Blast,Radiant Elemental,Psychic Scream,Holy Smite,Power Word: Shield,Mass Dispel,Malygos,Spirit Lash,Lesser Diamond Spellstone,Eternal Servitude,Shadow Essence,55.39,MEDIUM
Tar Creeper,Twilight Drake,Firetree Witchdoctor,Shadow Visions,Acolyte of Pain,Alexstrasza,Primordial Drake,Mind Blast,Duskbreaker,Psychic Scream,Cabal Shadow Priest,Power Word: Shield,Scaleworm,Crowd Roaster,Shadowreaper Anduin,Twilight Acolyte,Holy Fire,Northshire Cleric,55.38,MEDIUM
Mass Hysteria,Zilliax,Vivid Nightmare,Shadow Visions,Prophet Velen,Zerek's Cloning Gallery,Shadow Word: Death,Mind Blast,Radiant Elemental,Psychic Scream,Holy Smite,Power Word: Shield,Shadow Word: Pain,Malygos,Shadowreaper Anduin,Spirit Lash,Lesser Diamond Spellstone,Eternal Servitude,Shadow Essence,55.38,MEDIUM
Mass Hysteria,Shadow Madness,Tar Creeper,Zilliax,Divine Hymn,Mosh'Ogg Enforcer,Shadow Visions,Shadow Word: Death,Witchwood Grizzly,Psychic Scream,Inner Fire,Divine Spirit,Topsy Turvy,Power Word: Shield,Mass Dispel,Master Oakheart,Lesser Diamond Spellstone,Eternal Servitude,Northshire Cleric,55.31,MEDIUM
Mass Hysteria,Zilliax,Shadow Visions,Prophet Velen,Zerek's Cloning Gallery,Mind Blast,Radiant Elemental,Witchwood Grizzly,Archmage Vargoth,Psychic Scream,Holy Smite,Shadow Word: Pain,Malygos,Shadowreaper Anduin,Spirit Lash,The Lich King,Lesser Diamond Spellstone,Eternal Servitude,Shadow Essence,55.31,MEDIUM
Tar Creeper,Twilight Drake,Firetree Witchdoctor,Shadow Visions,Acolyte of Pain,Alexstrasza,Primordial Drake,Mind Blast,Duskbreaker,Omega Medic,Psychic Scream,Cabal Shadow Priest,Power Word: Shield,Scaleworm,Crowd Roaster,Shadowreaper Anduin,Twilight Acolyte,Holy Fire,Northshire Cleric,55.27,MEDIUM
Mass Hysteria,Shadow Madness,Tar Creeper,Zilliax,Mosh'Ogg Enforcer,Shadow Visions,Shadow Word: Death,Witchwood Grizzly,Psychic Scream,Inner Fire,Divine Spirit,Topsy Turvy,Power Word: Shield,Mass Dispel,The Lich King,Master Oakheart,Lesser Diamond Spellstone,Eternal Servitude,Northshire Cleric,55.25,MEDIUM
Mass Hysteria,Shadow Madness,Zilliax,Divine Hymn,Mosh'Ogg Enforcer,Forbidden Words,Catrina Muerte,Convincing Infiltrator,Shadow Word: Death,Witchwood Grizzly,Archmage Vargoth,Inner Fire,Hench-Clan Shadequill,Divine Spirit,Damaged Stegotron,Mass Resurrection,Topsy Turvy,Power Word: Shield,Shadow Word: Pain,Northshire Cleric,55.24,MEDIUM
Mass Hysteria,Zilliax,Shadow Visions,Prophet Velen,Zerek's Cloning Gallery,Mind Blast,Radiant Elemental,Witchwood Grizzly,Archmage Vargoth,Psychic Scream,Holy Smite,Power Word: Shield,Shadow Word: Pain,Shadowreaper Anduin,Malygos,Spirit Lash,Lesser Diamond Spellstone,Eternal Servitude,Shadow Essence,55.22,MEDIUM
Shadow Madness,Twilight Drake,Unidentified Elixir,Nightscale Matriarch,Firetree Witchdoctor,Shadow Visions,Acolyte of Pain,Primordial Drake,Radiant Elemental,Duskbreaker,Inner Fire,Divine Spirit,Cabal Shadow Priest,Topsy Turvy,Power Word: Shield,Mass Dispel,Twilight Acolyte,Mossy Horror,Northshire Cleric,55.2,MEDIUM
Mass Hysteria,Zilliax,Vivid Nightmare,Prophet Velen,Shadow Visions,Zerek's Cloning Gallery,Shadow Word: Death,Mind Blast,Radiant Elemental,Archmage Vargoth,Psychic Scream,Holy Smite,Power Word: Shield,Mass Dispel,Shadowreaper Anduin,Malygos,Spirit Lash,Lesser Diamond Spellstone,Eternal Servitude,Shadow Essence,55.16,MEDIUM
Mass Hysteria,Zilliax,Vivid Nightmare,Shadow Visions,Prophet Velen,Zerek's Cloning Gallery,Shadow Word: Death,Mind Blast,Radiant Elemental,Psychic Scream,Holy Smite,Power Word: Shield,Mass Dispel,Malygos,Shadowreaper Anduin,Spirit Lash,Lesser Diamond Spellstone,Eternal Servitude,Shadow Essence,55.07,MEDIUM
Mass Hysteria,Zilliax,Vivid Nightmare,Shadow Visions,Prophet Velen,Shadow Word: Death,Zerek's Cloning Gallery,Mind Blast,Radiant Elemental,Psychic Scream,Holy Smite,Power Word: Shield,Shadow Word: Pain,Mass Dispel,Shadowreaper Anduin,Malygos,Spirit Lash,Lesser Diamond Spellstone,Eternal Servitude,Shadow Essence,55.0,MEDIUM
Mass Hysteria,Tar Creeper,Zilliax,Mosh'Ogg Enforcer,Shadow Visions,Witchwood Grizzly,Psychic Scream,Inner Fire,Divine Spirit,Topsy Turvy,Power Word: Shield,Mass Dispel,Spirit Lash,The Lich King,Master Oakheart,Lesser Diamond Spellstone,Eternal Servitude,Northshire Cleric,54.96,MEDIUM
Mass Hysteria,Shadow Madness,Tar Creeper,Zilliax,Divine Hymn,Mosh'Ogg Enforcer,Shadow Visions,Witchwood Grizzly,Archmage Vargoth,Psychic Scream,Inner Fire,Divine Spirit,Topsy Turvy,Power Word: Shield,Mass Dispel,The Lich King,Lesser Diamond Spellstone,Eternal Servitude,Northshire Cleric,54.93,MEDIUM
Tar Creeper,Twilight Drake,Firetree Witchdoctor,Shadow Visions,Alexstrasza,Primordial Drake,Mind Blast,Omega Medic,Duskbreaker,Psychic Scream,Cabal Shadow Priest,Power Word: Shield,Scaleworm,Crowd Roaster,Shadowreaper Anduin,Twilight Acolyte,Holy Fire,Northshire Cleric,54.92,MEDIUM
Tar Creeper,Twilight Drake,Shadow Ascendant,Nightscale Matriarch,Spiteful Summoner,Spellbreaker,Tortollan Shellraiser,Faerie Dragon,Stonehill Defender,Acidic Swamp Ooze,Duskbreaker,Psychic Scream,Cobalt Scalebane,Cabal Shadow Priest,Mind Control,Free From Amber,Scaleworm,Bonemare,Northshire Cleric,54.84,MEDIUM
Hemet, Jungle Hunter,Ticking Abomination,Tar Creeper,Plated Beetle,Doomsayer,Shadow Visions,Mecha'thun,Dead Ringer,Coffin Crasher,Bloodmage Thalnos,Psychic Scream,Loot Hoarder,Reckless Experimenter,Power Word: Shield,Spirit Lash,Awaken the Makers,Twilight's Call,Northshire Cleric,54.81,MEDIUM
Mass Hysteria,Zilliax,Prophet Velen,Shadow Visions,Zerek's Cloning Gallery,Mind Blast,Radiant Elemental,Archmage Vargoth,Psychic Scream,Holy Smite,Gilded Gargoyle,Power Word: Shield,Shadowreaper Anduin,Malygos,Spirit Lash,The Lich King,Lesser Diamond Spellstone,Lyra the Sunshard,Eternal Servitude,54.81,MEDIUM
Mass Hysteria,Zilliax,Vivid Nightmare,Shadow Visions,Prophet Velen,Shadow Word: Death,Zerek's Cloning Gallery,Mind Blast,Radiant Elemental,Psychic Scream,Holy Smite,Power Word: Shield,Mass Dispel,Shadowreaper Anduin,Malygos,Spirit Lash,Lesser Diamond Spellstone,Eternal Servitude,Shadow Essence,54.8,MEDIUM
Mass Hysteria,Zilliax,Prophet Velen,Shadow Visions,Shadow Word: Death,Zerek's Cloning Gallery,Mind Blast,Radiant Elemental,Witchwood Grizzly,Psychic Scream,Holy Smite,Gilded Gargoyle,Shadow Word: Pain,Shadowreaper Anduin,Malygos,Spirit Lash,The Lich King,Lesser Diamond Spellstone,Lyra the Sunshard,Eternal Servitude,54.74,MEDIUM
Mass Hysteria,Zilliax,Vivid Nightmare,Shadow Visions,Prophet Velen,Zerek's Cloning Gallery,Mind Blast,Radiant Elemental,Psychic Scream,Holy Smite,Power Word: Shield,Shadow Word: Pain,Mass Dispel,Shadowreaper Anduin,Malygos,Spirit Lash,Lesser Diamond Spellstone,Eternal Servitude,Shadow Essence,54.73,MEDIUM
Mass Hysteria,Tar Creeper,Twilight Drake,Firetree Witchdoctor,Shadow Visions,Acolyte of Pain,Alexstrasza,Primordial Drake,Mind Blast,Duskbreaker,Psychic Scream,Cabal Shadow Priest,Power Word: Shield,Scaleworm,Shadowreaper Anduin,Twilight Acolyte,Holy Fire,Northshire Cleric,54.7,MEDIUM
Mass Hysteria,Zilliax,Prophet Velen,Shadow Visions,Zerek's Cloning Gallery,Mind Blast,Radiant Elemental,Archmage Vargoth,Psychic Scream,Holy Smite,Power Word: Shield,Mass Dispel,Shadowreaper Anduin,Malygos,Spirit Lash,The Lich King,Lesser Diamond Spellstone,Lyra the Sunshard,Eternal Servitude,Shadow Essence,54.69,MEDIUM
Tar Creeper,Twilight Drake,Mosh'Ogg Enforcer,Nightscale Matriarch,Shadow Visions,Firetree Witchdoctor,Acolyte of Pain,Primordial Drake,Duskbreaker,Radiant Elemental,Inner Fire,Divine Spirit,Topsy Turvy,Dragonmaw Scorcher,Power Word: Shield,Mass Dispel,Twilight Acolyte,Northshire Cleric,54.65,MEDIUM
Hemet, Jungle Hunter,Silence,Ticking Abomination,Divine Hymn,Circle of Healing,Shadow Visions,Mecha'thun,Acolyte of Pain,Coffin Crasher,Radiant Elemental,Bloodmage Thalnos,Wild Pyromancer,Psychic Scream,Loot Hoarder,Reckless Experimenter,Power Word: Shield,Spirit Lash,Northshire Cleric,54.57,MEDIUM
Silence,Grave Horror,Circle of Healing,Shadow Visions,Acolyte of Pain,Radiant Elemental,Witchwood Grizzly,Wild Pyromancer,Archmage Vargoth,Inner Fire,Divine Spirit,Power Word: Shield,Banana Buffoon,Lyra the Sunshard,Eternal Servitude,Northshire Cleric,Extra Arms,54.56,MEDIUM
Hemet, Jungle Hunter,Ticking Abomination,Tar Creeper,Plated Beetle,Doomsayer,Shadow Visions,Mecha'thun,Dead Ringer,Coffin Crasher,Mirage Caller,Bloodmage Thalnos,Psychic Scream,Loot Hoarder,Reckless Experimenter,Power Word: Shield,Spirit Lash,Awaken the Makers,Twilight's Call,Northshire Cleric,54.53,MEDIUM
Skulking Geist,Twilight Drake,Divine Hymn,Firetree Witchdoctor,Shadow Visions,Acolyte of Pain,Alexstrasza,Primordial Drake,Mind Blast,Duskbreaker,Wild Pyromancer,Psychic Scream,Cabal Shadow Priest,Power Word: Shield,Scaleworm,Crowd Roaster,Shadowreaper Anduin,Twilight Acolyte,Holy Fire,Northshire Cleric,54.52,MEDIUM
Mass Hysteria,Zilliax,Prophet Velen,Shadow Visions,Obsidian Statue,Shadow Word: Death,Zerek's Cloning Gallery,Mind Blast,Witchwood Grizzly,Radiant Elemental,Psychic Scream,Holy Smite,Gilded Gargoyle,Shadow Word: Pain,Malygos,Spirit Lash,The Lich King,Lesser Diamond Spellstone,Lyra the Sunshard,Eternal Servitude,54.51,MEDIUM
Mass Hysteria,Zilliax,Divine Hymn,Mosh'Ogg Enforcer,Forbidden Words,Catrina Muerte,Convincing Infiltrator,Witchwood Grizzly,Archmage Vargoth,Inner Fire,Divine Spirit,Damaged Stegotron,Mass Resurrection,Topsy Turvy,Power Word: Shield,Shadow Word: Pain,Mass Dispel,Hecklebot,Holy Nova,54.51,MEDIUM
Mass Hysteria,Shadow Madness,Zilliax,Divine Hymn,Mosh'Ogg Enforcer,Forbidden Words,Catrina Muerte,Convincing Infiltrator,Shadow Word: Death,Witchwood Grizzly,Archmage Vargoth,Inner Fire,Hench-Clan Shadequill,Divine Spirit,Damaged Stegotron,Mass Resurrection,Topsy Turvy,Power Word: Shield,Shadow Word: Pain,Northshire Cleric,54.5,MEDIUM
Silence,Mass Hysteria,Shadow Madness,Tar Creeper,Zilliax,Mosh'Ogg Enforcer,Shadow Visions,Witchwood Grizzly,Psychic Scream,Inner Fire,Divine Spirit,Topsy Turvy,Power Word: Shield,Mass Dispel,The Lich King,Master Oakheart,Lesser Diamond Spellstone,Eternal Servitude,Northshire Cleric,54.4,MEDIUM
Mass Hysteria,Shadow Madness,Zilliax,Forbidden Words,Catrina Muerte,Convincing Infiltrator,Witchwood Grizzly,Archmage Vargoth,Inner Fire,Hench-Clan Shadequill,Divine Spirit,Lazul's Scheme,Damaged Stegotron,Mass Resurrection,Topsy Turvy,Power Word: Shield,Shadow Word: Pain,Mass Dispel,Holy Nova,54.24,MEDIUM
Mass Hysteria,Zilliax,Prophet Velen,Shadow Visions,Zerek's Cloning Gallery,Mind Blast,Witchwood Grizzly,Radiant Elemental,Psychic Scream,Holy Smite,Power Word: Shield,Shadow Word: Pain,Malygos,Shadowreaper Anduin,Spirit Lash,The Lich King,Lesser Diamond Spellstone,Lyra the Sunshard,Eternal Servitude,54.23,MEDIUM
Mass Hysteria,Zilliax,Vivid Nightmare,Prophet Velen,Shadow Visions,Zerek's Cloning Gallery,Shadow Word: Death,Mind Blast,Radiant Elemental,Archmage Vargoth,Psychic Scream,Holy Smite,Power Word: Shield,Mass Dispel,Shadowreaper Anduin,Malygos,Spirit Lash,Lesser Diamond Spellstone,Eternal Servitude,Shadow Essence,54.23,MEDIUM
Silence,Grave Horror,Shadow Ascendant,Circle of Healing,Shadow Visions,Acolyte of Pain,Radiant Elemental,Witchwood Grizzly,Wild Pyromancer,Inner Fire,Divine Spirit,Injured Blademaster,Power Word: Shield,Unpowered Steambot,Lyra the Sunshard,Eternal Servitude,Northshire Cleric,Extra Arms,Auchenai Soulpriest,54.19,MEDIUM
Mass Hysteria,Zilliax,Vivid Nightmare,Shadow Visions,Prophet Velen,Shadow Word: Death,Zerek's Cloning Gallery,Mind Blast,Radiant Elemental,Psychic Scream,Holy Smite,Power Word: Shield,Mass Dispel,Malygos,Spirit Lash,Lesser Diamond Spellstone,Eternal Servitude,Shadow Essence,54.14,MEDIUM
Mass Hysteria,Zilliax,Prophet Velen,Shadow Visions,Zerek's Cloning Gallery,Mind Blast,Radiant Elemental,Witchwood Grizzly,Psychic Scream,Holy Smite,Gilded Gargoyle,Power Word: Shield,Malygos,Shadowreaper Anduin,Spirit Lash,The Lich King,Lesser Diamond Spellstone,Lyra the Sunshard,Eternal Servitude,54.13,MEDIUM
Mass Hysteria,Plated Beetle,Shadow Visions,Prophet Velen,Dead Ringer,Seance,Alexstrasza,Shadow Word: Death,Mind Blast,Bloodmage Thalnos,Psychic Scream,Loot Hoarder,Gilded Gargoyle,Shadowreaper Anduin,Spirit Lash,Awaken the Makers,Crystalline Oracle,Twilight's Call,54.12,MEDIUM
Mass Hysteria,Vivid Nightmare,Shadow Visions,Dead Ringer,Seance,Stonetusk Boar,Radiant Elemental,Bloodmage Thalnos,Wild Pyromancer,Psychic Scream,Divine Spirit,Test Subject,Loot Hoarder,Topsy Turvy,Power Word: Shield,Spirit Lash,Awaken the Makers,Twilight's Call,54.01,MEDIUM
Mass Hysteria,Zilliax,Shadow Visions,Prophet Velen,Obsidian Statue,Zerek's Cloning Gallery,Mind Blast,Radiant Elemental,Witchwood Grizzly,Psychic Scream,Holy Smite,Gilded Gargoyle,Shadowreaper Anduin,Malygos,Spirit Lash,The Lich King,Lesser Diamond Spellstone,Lyra the Sunshard,Eternal Servitude,53.97,MEDIUM
Mass Hysteria,Zilliax,Vivid Nightmare,Shadow Visions,Prophet Velen,Shadow Word: Death,Zerek's Cloning Gallery,Mind Blast,Radiant Elemental,Psychic Scream,Holy Smite,Power Word: Shield,Shadow Word: Pain,Mass Dispel,Malygos,Spirit Lash,Lesser Diamond Spellstone,Eternal Servitude,Shadow Essence,53.92,MEDIUM
Mass Hysteria,Zilliax,Shadow Visions,Prophet Velen,Zerek's Cloning Gallery,Shadow Word: Death,Mind Blast,Radiant Elemental,Witchwood Grizzly,Psychic Scream,Holy Smite,Gilded Gargoyle,Shadow Word: Pain,Malygos,Spirit Lash,The Lich King,Lesser Diamond Spellstone,Lyra the Sunshard,Eternal Servitude,Shadow Essence,53.77,MEDIUM
Mass Hysteria,Zilliax,Mosh'Ogg Enforcer,Forbidden Words,Catrina Muerte,Convincing Infiltrator,Shadow Word: Death,Witchwood Grizzly,Archmage Vargoth,Inner Fire,Divine Spirit,Damaged Stegotron,Mass Resurrection,Topsy Turvy,Power Word: Shield,Shadow Word: Pain,Mass Dispel,Proud Defender,Northshire Cleric,53.74,MEDIUM
Mass Hysteria,Zilliax,Prophet Velen,Shadow Visions,Obsidian Statue,Zerek's Cloning Gallery,Mind Blast,Radiant Elemental,Psychic Scream,Holy Smite,Gilded Gargoyle,Shadowreaper Anduin,Malygos,Spirit Lash,The Lich King,Lesser Diamond Spellstone,Lyra the Sunshard,Eternal Servitude,Shadow Essence,53.57,MEDIUM
Mass Hysteria,Zilliax,Shadow Visions,Prophet Velen,Obsidian Statue,Zerek's Cloning Gallery,Shadow Word: Death,Mind Blast,Radiant Elemental,Witchwood Grizzly,Psychic Scream,Holy Smite,Gilded Gargoyle,Malygos,Spirit Lash,The Lich King,Lesser Diamond Spellstone,Lyra the Sunshard,Eternal Servitude,Shadow Essence,53.45,MEDIUM
Mass Hysteria,Zilliax,Prophet Velen,Shadow Visions,Shadow Word: Death,Zerek's Cloning Gallery,Mind Blast,Radiant Elemental,Psychic Scream,Holy Smite,Gilded Gargoyle,Power Word: Shield,Shadowreaper Anduin,Malygos,Spirit Lash,The Lich King,Lesser Diamond Spellstone,Lyra the Sunshard,Eternal Servitude,Shadow Essence,53.42,MEDIUM
Auchenai Soulpriest,Mass Hysteria,Zilliax,Circle of Healing,Forbidden Words,Catrina Muerte,Furious Ettin,Witchwood Grizzly,Inner Fire,Hench-Clan Shadequill,Divine Spirit,Injured Blademaster,Damaged Stegotron,Mass Resurrection,Power Word: Shield,Northshire Cleric,53.34,MEDIUM
Tar Creeper,Twilight Drake,Shadow Visions,Firetree Witchdoctor,Alexstrasza,Primordial Drake,Mind Blast,Duskbreaker,Omega Medic,Psychic Scream,Cabal Shadow Priest,Power Word: Shield,Scaleworm,Crowd Roaster,Shadowreaper Anduin,Gluttonous Ooze,Twilight Acolyte,Holy Fire,Northshire Cleric,53.26,MEDIUM
Grave Horror,Mass Hysteria,Zilliax,Divine Hymn,Forbidden Words,Catrina Muerte,Shadow Word: Death,Witchwood Grizzly,Archmage Vargoth,Inner Fire,Divine Spirit,Damaged Stegotron,Mass Resurrection,Power Word: Shield,Shadow Word: Pain,Mass Dispel,Holy Nova,53.22,MEDIUM
Mass Hysteria,Shadow Madness,Tar Creeper,Divine Hymn,Mosh'Ogg Enforcer,Shadow Visions,Witchwood Grizzly,Archmage Vargoth,Psychic Scream,Inner Fire,Divine Spirit,Topsy Turvy,Power Word: Shield,Mass Dispel,The Lich King,Master Oakheart,Lesser Diamond Spellstone,Eternal Servitude,Northshire Cleric,53.21,MEDIUM
Mass Hysteria,Zilliax,Shadow Visions,Prophet Velen,Obsidian Statue,Zerek's Cloning Gallery,Mind Blast,Radiant Elemental,Witchwood Grizzly,Psychic Scream,Holy Smite,Gilded Gargoyle,Malygos,Spirit Lash,The Lich King,Lesser Diamond Spellstone,Lyra the Sunshard,Eternal Servitude,Shadow Essence,53.2,MEDIUM
Silence,Mass Hysteria,Shadow Madness,Tar Creeper,Zilliax,Divine Hymn,Mosh'Ogg Enforcer,Shadow Visions,Witchwood Grizzly,Psychic Scream,Inner Fire,Divine Spirit,Topsy Turvy,Power Word: Shield,Mass Dispel,The Lich King,Lesser Diamond Spellstone,Eternal Servitude,Northshire Cleric,53.15,MEDIUM
Mass Hysteria,Zilliax,Shadow Visions,Prophet Velen,Zerek's Cloning Gallery,Mind Blast,Radiant Elemental,Witchwood Grizzly,Psychic Scream,Holy Smite,Gilded Gargoyle,Power Word: Shield,Shadow Word: Pain,Malygos,Shadowreaper Anduin,Spirit Lash,The Lich King,Lesser Diamond Spellstone,Lyra the Sunshard,Eternal Servitude,53.08,MEDIUM
Silence,Ancient Watcher,Unsleeping Soul,Dalaran Librarian,Arcane Watcher,Circle of Healing,Acolyte of Pain,Forbidden Words,Wild Pyromancer,Inner Fire,Hench-Clan Shadequill,Divine Spirit,Power Word: Shield,Faceless Rager,Northshire Cleric,Extra Arms,53.06,MEDIUM
Silence,Mass Hysteria,Divine Hymn,Mosh'Ogg Enforcer,Circle of Healing,Forbidden Words,Catrina Muerte,Witchwood Grizzly,Inner Fire,Divine Spirit,Injured Blademaster,Damaged Stegotron,Mass Resurrection,Power Word: Shield,Northshire Cleric,Holy Nova,52.83,MEDIUM
Mass Hysteria,Zilliax,Shadow Visions,Prophet Velen,Obsidian Statue,Zerek's Cloning Gallery,Mind Blast,Radiant Elemental,Archmage Vargoth,Psychic Scream,Holy Smite,Gilded Gargoyle,Malygos,Spirit Lash,The Lich King,Lesser Diamond Spellstone,Lyra the Sunshard,Eternal Servitude,Shadow Essence,52.82,MEDIUM
Silence,Ancient Watcher,Unsleeping Soul,Arcane Watcher,Dalaran Librarian,Divine Hymn,Circle of Healing,Acolyte of Pain,Witchwood Grizzly,Wild Pyromancer,Inner Fire,Hench-Clan Shadequill,Divine Spirit,Power Word: Shield,Faceless Rager,Northshire Cleric,52.71,MEDIUM
Hemet, Jungle Hunter,Ticking Abomination,Tar Creeper,Plated Beetle,Doomsayer,Shadow Visions,Mecha'thun,Dead Ringer,Coffin Crasher,Mirage Caller,Bloodmage Thalnos,Psychic Scream,Loot Hoarder,Reckless Experimenter,Power Word: Shield,Spirit Lash,Awaken the Makers,Twilight's Call,Northshire Cleric,52.57,MEDIUM
Mass Hysteria,Vivid Nightmare,Shadow Visions,Prophet Velen,Zerek's Cloning Gallery,Shadow Word: Death,Mind Blast,Radiant Elemental,Archmage Vargoth,Psychic Scream,Holy Smite,Power Word: Shield,Mass Dispel,Malygos,Shadowreaper Anduin,Spirit Lash,Lesser Diamond Spellstone,Eternal Servitude,Shadow Essence,52.46,MEDIUM
Silence,Ancient Watcher,Unsleeping Soul,Arcane Watcher,Dalaran Librarian,Circle of Healing,Acolyte of Pain,Witchwood Grizzly,Wild Pyromancer,Inner Fire,Hench-Clan Shadequill,Divine Spirit,Power Word: Shield,Faceless Rager,Northshire Cleric,52.44,MEDIUM
Silence,Grave Horror,Mass Hysteria,Zilliax,Rusty Recycler,Shadow Visions,Obsidian Statue,Zerek's Cloning Gallery,Psychic Scream,Inner Fire,Divine Spirit,Shadow Word: Pain,Shadowreaper Anduin,Spirit Lash,The Lich King,Ysera,Lesser Diamond Spellstone,Eternal Servitude,Shadow Essence,Holy Nova,52.3,MEDIUM
Mass Hysteria,Vivid Nightmare,Shadow Visions,Dead Ringer,Stonetusk Boar,Radiant Elemental,Bloodmage Thalnos,Wild Pyromancer,Psychic Scream,Divine Spirit,Test Subject,Loot Hoarder,Witchwood Piper,Topsy Turvy,Power Word: Shield,Spirit Lash,Awaken the Makers,Twilight's Call,52.27,MEDIUM
Mass Hysteria,Doomsayer,Shadow Visions,Dead Ringer,Bone Drake,Alexstrasza,Stonehill Defender,Shadow Word: Death,Mind Blast,Duskbreaker,Bloodmage Thalnos,Psychic Scream,Loot Hoarder,Princess Talanji,Shadowreaper Anduin,Spirit Lash,Awaken the Makers,Twilight's Call,52.27,MEDIUM
Mass Hysteria,Zilliax,Shadow Visions,Prophet Velen,Zerek's Cloning Gallery,Shadow Word: Death,Mind Blast,Radiant Elemental,Psychic Scream,Holy Smite,Power Word: Shield,Shadow Word: Pain,Mass Dispel,Malygos,Shadowreaper Anduin,Spirit Lash,Lesser Diamond Spellstone,Eternal Servitude,Shadow Essence,52.25,MEDIUM
Zilliax,Shadow Visions,Prophet Velen,Obsidian Statue,Shadow Word: Death,Zerek's Cloning Gallery,Mind Blast,Radiant Elemental,Bloodmage Thalnos,Psychic Scream,Holy Smite,Gilded Gargoyle,Shadow Word: Pain,Malygos,Spirit Lash,The Lich King,Lesser Diamond Spellstone,Lyra the Sunshard,Eternal Servitude,Shadow Essence,52.04,MEDIUM
Mass Hysteria,Zilliax,Vivid Nightmare,Shadow Visions,Prophet Velen,Obsidian Statue,Zerek's Cloning Gallery,Mind Blast,Witchwood Grizzly,Radiant Elemental,Psychic Scream,Holy Smite,Gilded Gargoyle,Malygos,Spirit Lash,The Lich King,Lesser Diamond Spellstone,Lyra the Sunshard,Eternal Servitude,Shadow Essence,51.92,MEDIUM
Silence,Grave Horror,Circle of Healing,Shadow Visions,Acolyte of Pain,Radiant Elemental,Witchwood Grizzly,Wild Pyromancer,Inner Fire,Divine Spirit,Injured Blademaster,Holy Smite,Power Word: Shield,Lyra the Sunshard,Eternal Servitude,Northshire Cleric,Extra Arms,Auchenai Soulpriest,51.91,MEDIUM
Hemet, Jungle Hunter,Ticking Abomination,Tar Creeper,Doomsayer,Divine Hymn,Shadow Visions,Mecha'thun,Acolyte of Pain,Coffin Crasher,Bloodmage Thalnos,Wild Pyromancer,Novice Engineer,Psychic Scream,Loot Hoarder,Reckless Experimenter,Power Word: Shield,Shadow Word: Pain,Spirit Lash,Northshire Cleric,51.82,MEDIUM
Mass Hysteria,Zilliax,Prophet Velen,Shadow Visions,Obsidian Statue,Shadow Word: Death,Zerek's Cloning Gallery,Mind Blast,Radiant Elemental,Psychic Scream,Holy Smite,Gilded Gargoyle,Malygos,Spirit Lash,The Lich King,Lesser Diamond Spellstone,Lyra the Sunshard,Eternal Servitude,Shadow Essence,51.74,MEDIUM
Tar Creeper,Twilight Drake,Firetree Witchdoctor,Shadow Visions,Alexstrasza,Primordial Drake,Mind Blast,Duskbreaker,Psychic Scream,Cabal Shadow Priest,Power Word: Shield,Scaleworm,Crowd Roaster,Shadowreaper Anduin,Twilight Acolyte,Holy Fire,Northshire Cleric,51.72,MEDIUM
Mass Hysteria,Zilliax,Vivid Nightmare,Shadow Visions,Dead Ringer,Seance,Stonetusk Boar,Radiant Elemental,Bloodmage Thalnos,Psychic Scream,Divine Spirit,Test Subject,Loot Hoarder,Topsy Turvy,Power Word: Shield,Spirit Lash,Awaken the Makers,Twilight's Call,51.7,MEDIUM
Mass Hysteria,Zilliax,Prophet Velen,Shadow Visions,Shadow Word: Death,Zerek's Cloning Gallery,Mind Blast,Radiant Elemental,Witchwood Grizzly,Psychic Scream,Holy Smite,Gilded Gargoyle,Shadow Word: Pain,Malygos,Spirit Lash,The Lich King,Lesser Diamond Spellstone,Lyra the Sunshard,Eternal Servitude,Shadow Essence,51.69,MEDIUM
Mass Hysteria,Zilliax,Vivid Nightmare,Shadow Visions,Prophet Velen,Zerek's Cloning Gallery,Shadow Word: Death,Mind Blast,Radiant Elemental,Archmage Vargoth,Psychic Scream,Holy Smite,Power Word: Shield,Shadow Word: Pain,Malygos,Shadowreaper Anduin,Spirit Lash,Lesser Diamond Spellstone,Eternal Servitude,Shadow Essence,51.67,MEDIUM
Shadow Madness,Twilight Drake,Unidentified Elixir,Nightscale Matriarch,Shadow Visions,Firetree Witchdoctor,Acolyte of Pain,Primordial Drake,Duskbreaker,Radiant Elemental,Inner Fire,Divine Spirit,Cabal Shadow Priest,Dragonmaw Scorcher,Power Word: Shield,Mass Dispel,Twilight Acolyte,Mossy Horror,Northshire Cleric,51.65,MEDIUM
Mass Hysteria,Shadow Madness,Tar Creeper,Zilliax,Divine Hymn,Mosh'Ogg Enforcer,Shadow Visions,Witchwood Grizzly,Psychic Scream,Inner Fire,Divine Spirit,Topsy Turvy,Power Word: Shield,Mass Dispel,The Lich King,Master Oakheart,Lesser Diamond Spellstone,Lyra the Sunshard,Eternal Servitude,Northshire Cleric,51.63,MEDIUM
Mass Hysteria,Shadow Madness,Tar Creeper,Zilliax,Divine Hymn,Mosh'Ogg Enforcer,Shadow Visions,Witchwood Grizzly,Psychic Scream,Inner Fire,Divine Spirit,Topsy Turvy,Power Word: Shield,Mass Dispel,The Lich King,Lesser Diamond Spellstone,Eternal Servitude,Northshire Cleric,51.6,MEDIUM
Mass Hysteria,Shadow Madness,Tar Creeper,Zilliax,Divine Hymn,Mosh'Ogg Enforcer,Shadow Visions,Witchwood Grizzly,Psychic Scream,Inner Fire,Divine Spirit,Topsy Turvy,Power Word: Shield,Mass Dispel,The Lich King,Lesser Diamond Spellstone,Eternal Servitude,Northshire Cleric,51.6,MEDIUM
Regenerate,Circle of Healing,Shadow Visions,Acolyte of Pain,Seance,Radiant Elemental,Wild Pyromancer,Questing Adventurer,Power Word: Shield,Banana Buffoon,Lyra the Sunshard,Extra Arms,Northshire Cleric,Dragon Soul,Auchenai Soulpriest,Silence,Grave Horror,51.6,MEDIUM
Hemet, Jungle Hunter,Mass Hysteria,Ticking Abomination,Tar Creeper,Plated Beetle,Doomsayer,Shadow Visions,Mecha'thun,Dead Ringer,Coffin Crasher,Seance,Bloodmage Thalnos,Psychic Scream,Loot Hoarder,Reckless Experimenter,Power Word: Shield,Spirit Lash,Awaken the Makers,Twilight's Call,51.5,LOW
Mass Hysteria,Zilliax,Vivid Nightmare,Shadow Visions,Prophet Velen,Shadow Word: Death,Zerek's Cloning Gallery,Mind Blast,Radiant Elemental,Witchwood Grizzly,Psychic Scream,Holy Smite,Power Word: Shield,Mass Dispel,Malygos,Shadowreaper Anduin,Spirit Lash,Lesser Diamond Spellstone,Eternal Servitude,Shadow Essence,51.44,LOW
Mass Hysteria,Divine Hymn,Mosh'Ogg Enforcer,Belligerent Gnome,Acolyte of Pain,Convincing Infiltrator,Batterhead,Witchwood Grizzly,Inner Fire,Hench-Clan Shadequill,Divine Spirit,Lady in White,Power Word: Shield,Mass Dispel,Unpowered Steambot,Proud Defender,Felsoul Inquisitor,Countess Ashmore,Northshire Cleric,Holy Nova,51.35,LOW
Mass Hysteria,Doomsayer,Vivid Nightmare,Shadow Visions,Dead Ringer,Stonetusk Boar,Radiant Elemental,Bloodmage Thalnos,Psychic Scream,Divine Spirit,Test Subject,Loot Hoarder,Witchwood Piper,Topsy Turvy,Power Word: Shield,Spirit Lash,Awaken the Makers,Twilight's Call,51.28,LOW
Mass Hysteria,Zilliax,Vivid Nightmare,Shadow Visions,Prophet Velen,Obsidian Statue,Zerek's Cloning Gallery,Shadow Word: Death,Mind Blast,Witchwood Grizzly,Radiant Elemental,Psychic Scream,Holy Smite,Gilded Gargoyle,Malygos,Spirit Lash,The Lich King,Lesser Diamond Spellstone,Lyra the Sunshard,Eternal Servitude,51.12,LOW
Mass Hysteria,Zilliax,Shadow Visions,Prophet Velen,Shadow Word: Death,Zerek's Cloning Gallery,Mind Blast,Radiant Elemental,Psychic Scream,Holy Smite,Gilded Gargoyle,Shadow Word: Pain,Malygos,Spirit Lash,The Lich King,Lesser Diamond Spellstone,Lyra the Sunshard,Eternal Servitude,Shadow Essence,51.1,LOW
Mass Hysteria,Zilliax,Shadow Visions,Prophet Velen,Obsidian Statue,Zerek's Cloning Gallery,Mind Blast,Radiant Elemental,Psychic Scream,Holy Smite,Gilded Gargoyle,Power Word: Shield,Malygos,Spirit Lash,The Lich King,Lesser Diamond Spellstone,Lyra the Sunshard,Eternal Servitude,Shadow Essence,50.98,LOW
Auchenai Soulpriest,Silence,Ancient Watcher,Unsleeping Soul,Arcane Watcher,Dalaran Librarian,Circle of Healing,Inner Fire,Hench-Clan Shadequill,Divine Spirit,Injured Blademaster,Power Word: Shield,Faceless Rager,Sunfury Protector,Northshire Cleric,50.82,LOW
Auchenai Soulpriest,Mass Hysteria,Zilliax,Circle of Healing,Forbidden Words,Catrina Muerte,Batterhead,Witchwood Grizzly,Hench-Clan Shadequill,Divine Spirit,Injured Blademaster,Damaged Stegotron,Mass Resurrection,Topsy Turvy,Power Word: Shield,Shadow Word: Pain,Northshire Cleric,50.61,LOW
Mass Hysteria,Plated Beetle,Shadow Visions,Dead Ringer,Seance,Stonehill Defender,Shadow Word: Death,Bloodmage Thalnos,Psychic Scream,Weaponized Piata,Loot Hoarder,Princess Talanji,Shadowreaper Anduin,Spirit Lash,Archbishop Benedictus,Awaken the Makers,Crystalline Oracle,Twilight's Call,50.6,LOW
Silence,Tar Creeper,Shadow Ascendant,Circle of Healing,Shadow Visions,Acolyte of Pain,Witchwood Grizzly,Radiant Elemental,Wild Pyromancer,Inner Fire,Divine Spirit,Injured Blademaster,Power Word: Shield,Mass Dispel,Unpowered Steambot,Lyra the Sunshard,Eternal Servitude,Northshire Cleric,Extra Arms,Auchenai Soulpriest,50.59,LOW
Mass Hysteria,Zilliax,Prophet Velen,Shadow Visions,Zerek's Cloning Gallery,Mind Blast,Radiant Elemental,Witchwood Grizzly,Psychic Scream,Holy Smite,Gilded Gargoyle,Power Word: Shield,Malygos,Shadowreaper Anduin,Spirit Lash,The Lich King,Lesser Diamond Spellstone,Lyra the Sunshard,Eternal Servitude,50.5,LOW
Mass Hysteria,Vivid Nightmare,Shadow Visions,Dead Ringer,Seance,Stonetusk Boar,Radiant Elemental,Bloodmage Thalnos,Psychic Scream,Divine Spirit,Test Subject,Loot Hoarder,Witchwood Piper,Topsy Turvy,Power Word: Shield,Spirit Lash,Awaken the Makers,Twilight's Call,50.45,LOW
Mass Hysteria,Shadow Madness,Vivid Nightmare,Shadow Visions,Dead Ringer,Seance,Stonetusk Boar,Radiant Elemental,Bloodmage Thalnos,Psychic Scream,Divine Spirit,Test Subject,Loot Hoarder,Topsy Turvy,Power Word: Shield,Spirit Lash,Awaken the Makers,Twilight's Call,50.42,LOW
Silence,Ancient Watcher,Unsleeping Soul,Arcane Watcher,Dalaran Librarian,Circle of Healing,Inner Fire,Hench-Clan Shadequill,Divine Spirit,Mana Reservoir,Topsy Turvy,Power Word: Shield,Mass Dispel,Quartz Elemental,Madame Lazul,Faceless Rager,Northshire Cleric,50.3,LOW
Wyrmguard,Tar Creeper,Twilight Drake,Circle of Healing,Nightscale Matriarch,Firetree Witchdoctor,Bone Drake,Shadow Word: Death,Radiant Elemental,Duskbreaker,Inner Fire,Divine Spirit,Cobalt Scalebane,Topsy Turvy,Power Word: Shield,Northshire Cleric,50.24,LOW
Silence,Ancient Watcher,Unsleeping Soul,Dalaran Librarian,Arcane Watcher,Circle of Healing,Acolyte of Pain,Forbidden Words,Wild Pyromancer,Inner Fire,Hench-Clan Shadequill,Divine Spirit,Power Word: Shield,Faceless Rager,Sunfury Protector,Northshire Cleric,Extra Arms,49.88,LOW
Silence,Twilight Drake,Circle of Healing,Shadow Visions,Firetree Witchdoctor,Acolyte of Pain,Duskbreaker,Radiant Elemental,Witchwood Grizzly,Wild Pyromancer,Inner Fire,Divine Spirit,Witchwood Piper,Dragonmaw Scorcher,Power Word: Shield,Northshire Cleric,Extra Arms,49.85,LOW
Silence,Ancient Watcher,Unsleeping Soul,Dalaran Librarian,Arcane Watcher,Circle of Healing,Leeroy Jenkins,Mind Blast,Wild Pyromancer,Archmage Vargoth,Hench-Clan Shadequill,Power Word: Shield,Faceless Rager,Northshire Cleric,Extra Arms,Auchenai Soulpriest,49.79,LOW
Silence,Ancient Watcher,Unsleeping Soul,Zilliax,Arcane Watcher,Dalaran Librarian,Circle of Healing,Acolyte of Pain,Spellbreaker,Wild Pyromancer,Hench-Clan Shadequill,Power Word: Shield,Quartz Elemental,Potion Vendor,Faceless Rager,Northshire Cleric,49.73,LOW
Mass Hysteria,Plated Beetle,Zilliax,Bwonsamdi, the Dead,Shadow Visions,Spirit of the Dead,Dead Ringer,Seance,Shadow Word: Death,Zola the Gorgon,Bloodmage Thalnos,Psychic Scream,Loot Hoarder,Shadow Word: Pain,Shadowreaper Anduin,Spirit Lash,Awaken the Makers,Crystalline Oracle,Twilight's Call,49.67,LOW
Silence,Grave Horror,Mass Hysteria,Circle of Healing,Shadow Visions,Acolyte of Pain,Witchwood Grizzly,Radiant Elemental,Wild Pyromancer,Inner Fire,Divine Spirit,Power Word: Shield,Banana Buffoon,Lyra the Sunshard,Eternal Servitude,Extra Arms,Northshire Cleric,49.61,LOW
Mass Hysteria,Plated Beetle,Zilliax,Bwonsamdi, the Dead,Shadow Visions,Spirit of the Dead,Dead Ringer,Seance,Shadow Word: Death,Zola the Gorgon,Bloodmage Thalnos,Psychic Scream,Loot Hoarder,Shadowreaper Anduin,Spirit Lash,Awaken the Makers,Crystalline Oracle,Twilight's Call,49.23,LOW
Mass Hysteria,Plated Beetle,Shadow Visions,Dead Ringer,Seance,Stonehill Defender,Bloodmage Thalnos,Psychic Scream,Loot Hoarder,Princess Talanji,Shadowreaper Anduin,Spirit Lash,Archbishop Benedictus,Awaken the Makers,Gluttonous Ooze,Crystalline Oracle,Twilight's Call,Cloning Device,49.19,LOW
Divine Hymn,Vivid Nightmare,Prophet Velen,Shadow Visions,Seance,Mind Blast,Radiant Elemental,Archmage Vargoth,Psychic Scream,Binding Heal,Holy Smite,Power Word: Shield,Shadow Word: Pain,Shadowreaper Anduin,Malygos,Spirit Lash,Lesser Diamond Spellstone,Eternal Servitude,Shadow Essence,49.1,LOW
Skulking Geist,Chameleos,Shadow Visions,Dead Ringer,Seance,Mirage Caller,Shadow Word: Death,Zola the Gorgon,Bloodmage Thalnos,Psychic Scream,Loot Hoarder,Spellshifter,Mind Control,Shadowreaper Anduin,Spirit Lash,Archbishop Benedictus,Awaken the Makers,Gluttonous Ooze,Crystalline Oracle,Twilight's Call,49.06,LOW
Grave Horror,Mass Hysteria,Divine Hymn,Forbidden Words,Catrina Muerte,Convincing Infiltrator,Seance,Shadow Word: Death,Batterhead,Witchwood Grizzly,Archmage Vargoth,Inner Fire,Divine Spirit,Damaged Stegotron,Mass Resurrection,Power Word: Shield,Shadow Word: Pain,Mass Dispel,Holy Nova,49.01,LOW
Mass Hysteria,Divine Hymn,Forbidden Words,Catrina Muerte,Convincing Infiltrator,Shadow Word: Death,Archmage Vargoth,Hench-Clan Shadequill,Injured Blademaster,Damaged Stegotron,Mass Resurrection,Lady in White,Power Word: Shield,Shadow Word: Pain,Mass Dispel,Northshire Cleric,Holy Nova,48.8,LOW
Silence,Hemet, Jungle Hunter,Ticking Abomination,Divine Hymn,Circle of Healing,Shadow Visions,Mecha'thun,Acolyte of Pain,Coffin Crasher,Radiant Elemental,Bloodmage Thalnos,Wild Pyromancer,Psychic Scream,Loot Hoarder,Reckless Experimenter,Power Word: Shield,Spirit Lash,Northshire Cleric,48.78,LOW
Mass Hysteria,Zilliax,Shadow Visions,Prophet Velen,Zerek's Cloning Gallery,Mind Blast,Radiant Elemental,Archmage Vargoth,Psychic Scream,Holy Smite,Gilded Gargoyle,Power Word: Shield,Shadow Word: Pain,Malygos,Spirit Lash,Lesser Diamond Spellstone,Lyra the Sunshard,Eternal Servitude,Shadow Essence,48.64,LOW
Silence,Ancient Watcher,Unsleeping Soul,Dalaran Librarian,Arcane Watcher,Circle of Healing,Acolyte of Pain,Convincing Infiltrator,Wild Pyromancer,Inner Fire,Hench-Clan Shadequill,Divine Spirit,Power Word: Shield,Faceless Rager,Sunfury Protector,Northshire Cleric,48.5,LOW
Silence,Ancient Watcher,Unsleeping Soul,Arcane Watcher,Dalaran Librarian,Circle of Healing,Acolyte of Pain,Wild Pyromancer,Inner Fire,Hench-Clan Shadequill,Divine Spirit,Power Word: Shield,Faceless Rager,Extra Arms,Northshire Cleric,48.48,LOW
Silence,Grave Horror,Tar Creeper,Circle of Healing,Shadow Visions,Acolyte of Pain,Seance,Radiant Elemental,Wild Pyromancer,Inner Fire,Divine Spirit,Power Word: Shield,Banana Buffoon,Lyra the Sunshard,Extra Arms,Northshire Cleric,48.25,LOW
Mass Hysteria,Plated Beetle,Chameleos,Shadow Visions,Bone Drake,Primordial Drake,Shadow Word: Death,Zola the Gorgon,Duskbreaker,Bloodmage Thalnos,Psychic Scream,Loot Hoarder,Mind Control,Rotten Applebaum,Shadowreaper Anduin,Spirit Lash,Archbishop Benedictus,Awaken the Makers,Ysera,Crystalline Oracle,Twilight's Call,48.0,LOW
Grave Horror,Circle of Healing,Shadow Visions,Radiant Elemental,Witchwood Grizzly,Wild Pyromancer,Psychic Scream,Inner Fire,Divine Spirit,Topsy Turvy,Power Word: Shield,Mass Dispel,Lesser Diamond Spellstone,Lyra the Sunshard,Eternal Servitude,Extra Arms,Northshire Cleric,47.98,LOW
Mass Hysteria,Zilliax,Bwonsamdi, the Dead,Shadow Visions,Spirit of the Dead,Dead Ringer,Seance,Shadow Word: Death,Zola the Gorgon,Bloodmage Thalnos,Psychic Scream,Loot Hoarder,Rotten Applebaum,Shadow Word: Pain,Shadowreaper Anduin,Spirit Lash,Awaken the Makers,Crystalline Oracle,Twilight's Call,47.74,LOW
Grand Archivist,Tar Creeper,Twilight Drake,Bwonsamdi, the Dead,Chameleos,Spiteful Summoner,Spirit of the Dead,Spellbreaker,Bone Drake,Stonehill Defender,Duskbreaker,Curious Glimmerroot,Princess Talanji,Cabal Shadow Priest,Mind Control,Prince Keleseth,Free From Amber,The Lich King,Gluttonous Ooze,Twilight Acolyte,Northshire Cleric,47.65,LOW
Mass Hysteria,Zilliax,Divine Hymn,Forbidden Words,Catrina Muerte,Convincing Infiltrator,Omega Medic,Damaged Stegotron,Mass Resurrection,Power Word: Shield,Shadow Word: Pain,Proud Defender,Tunnel Blaster,Holy Fire,Archivist Elysiana,Northshire Cleric,Holy Nova,47.61,LOW
Silence,Grave Horror,Circle of Healing,Shadow Visions,Acolyte of Pain,Seance,Radiant Elemental,Wild Pyromancer,Inner Fire,Divine Spirit,Topsy Turvy,Questing Adventurer,Power Word: Shield,Banana Buffoon,Lyra the Sunshard,Northshire Cleric,Extra Arms,47.55,LOW
Silence,Mass Hysteria,Zilliax,Shadow Visions,Dead Ringer,Seance,Stonehill Defender,Shadow Word: Death,Bloodmage Thalnos,Psychic Scream,Weaponized Piata,Loot Hoarder,Princess Talanji,Mind Control,Shadowreaper Anduin,Spirit Lash,Archbishop Benedictus,Awaken the Makers,Tinkmaster Overspark,Twilight's Call,47.42,LOW
Silence,Grave Horror,Shadow Madness,Tar Creeper,Circle of Healing,Shadow Visions,Acolyte of Pain,Seance,Radiant Elemental,Wild Pyromancer,Inner Fire,Divine Spirit,Power Word: Shield,Banana Buffoon,Lyra the Sunshard,Extra Arms,Northshire Cleric,47.27,LOW
Silence,Ancient Watcher,Unsleeping Soul,EVIL Conscripter,Dalaran Librarian,Arcane Watcher,Circle of Healing,Spellbreaker,Convincing Infiltrator,Wild Pyromancer,Hench-Clan Shadequill,Power Word: Shield,Potion Vendor,Madame Lazul,Faceless Rager,Northshire Cleric,47.1,LOW
Silence,Grave Horror,Mass Hysteria,Regenerate,Circle of Healing,Acolyte of Pain,Forbidden Words,Seance,Acidic Swamp Ooze,Wild Pyromancer,Lazul's Scheme,Holy Smite,Topsy Turvy,Power Word: Shield,Gadgetzan Auctioneer,Chef Nomi,Northshire Cleric,46.98,LOW
Silence,Grave Horror,Mass Hysteria,Divine Hymn,Regenerate,Circle of Healing,Acolyte of Pain,Seance,Acidic Swamp Ooze,Wild Pyromancer,Lazul's Scheme,Topsy Turvy,Power Word: Shield,Gadgetzan Auctioneer,Chef Nomi,Northshire Cleric,46.97,LOW
Auchenai Soulpriest,Silence,Grave Horror,Mass Hysteria,Divine Hymn,Regenerate,Circle of Healing,Acolyte of Pain,Seance,Wild Pyromancer,Lazul's Scheme,Topsy Turvy,Power Word: Shield,Gadgetzan Auctioneer,Chef Nomi,Northshire Cleric,46.72,LOW
Silence,Ancient Watcher,Unsleeping Soul,Zilliax,Dalaran Librarian,Arcane Watcher,Circle of Healing,Acolyte of Pain,Spellbreaker,Wild Pyromancer,Hench-Clan Shadequill,Power Word: Shield,Quartz Elemental,Madame Lazul,Faceless Rager,Northshire Cleric,46.69,LOW
Silence,Ancient Watcher,Unsleeping Soul,Dalaran Librarian,Divine Hymn,Circle of Healing,Acolyte of Pain,Witchwood Grizzly,Wild Pyromancer,Inner Fire,Hench-Clan Shadequill,Divine Spirit,Power Word: Shield,Faceless Rager,Northshire Cleric,46.36,LOW
Silence,Twilight Drake,Circle of Healing,Firetree Witchdoctor,Shadow Visions,Acolyte of Pain,Radiant Elemental,Witchwood Grizzly,Duskbreaker,Wild Pyromancer,Inner Fire,Divine Spirit,Dragonmaw Scorcher,Power Word: Shield,Northshire Cleric,Extra Arms,46.3,LOW
Auchenai Soulpriest,Silence,Grave Horror,Mass Hysteria,Divine Hymn,Regenerate,Circle of Healing,Acolyte of Pain,Seance,Wild Pyromancer,Lazul's Scheme,Topsy Turvy,Power Word: Shield,Banana Buffoon,Gadgetzan Auctioneer,Chef Nomi,Northshire Cleric,46.21,LOW
Mass Hysteria,Shadow Madness,Zilliax,Mosh'Ogg Enforcer,Forbidden Words,Catrina Muerte,Shadow Word: Death,Batterhead,Witchwood Grizzly,Archmage Vargoth,Inner Fire,Divine Spirit,Lazul's Scheme,Damaged Stegotron,Mass Resurrection,Topsy Turvy,Power Word: Shield,Mass Dispel,Hecklebot,Holy Nova,45.87,LOW
Wyrmguard,Tar Creeper,Twilight Drake,Shadow Ascendant,Circle of Healing,Nightscale Matriarch,Bone Drake,Shadow Word: Death,Duskbreaker,Radiant Elemental,Inner Fire,Divine Spirit,Cobalt Scalebane,Topsy Turvy,Power Word: Shield,Northshire Cleric,45.81,LOW
Silence,Mass Hysteria,Ancient Watcher,Unsleeping Soul,Dalaran Librarian,Arcane Watcher,Circle of Healing,Forbidden Words,Witchwood Grizzly,Wild Pyromancer,Inner Fire,Hench-Clan Shadequill,Divine Spirit,Power Word: Shield,Faceless Rager,Northshire Cleric,45.25,LOW
Silence,Shadow Madness,Ancient Watcher,Unsleeping Soul,Arcane Watcher,Dalaran Librarian,Circle of Healing,Acolyte of Pain,Wild Pyromancer,Inner Fire,Hench-Clan Shadequill,Divine Spirit,Power Word: Shield,Faceless Rager,Sunfury Protector,Extra Arms,Northshire Cleric,45.12,LOW
Silence,Mass Hysteria,Zilliax,Shadow Visions,Dead Ringer,Seance,Shadow Word: Death,Bloodmage Thalnos,Psychic Scream,Loot Hoarder,Mind Control,Gilded Gargoyle,Shadowreaper Anduin,Spirit Lash,Archbishop Benedictus,Awaken the Makers,Tinkmaster Overspark,Lyra the Sunshard,Crystalline Oracle,Twilight's Call,45.04,LOW
Grand Archivist,Tar Creeper,Twilight Drake,Bwonsamdi, the Dead,Chameleos,Spirit of the Dead,Spiteful Summoner,Bone Drake,Stonehill Defender,Duskbreaker,Curious Glimmerroot,Princess Talanji,Cabal Shadow Priest,Mind Control,Prince Keleseth,Free From Amber,The Lich King,Gluttonous Ooze,Twilight Acolyte,Northshire Cleric,44.93,LOW
Auchenai Soulpriest,Mass Hysteria,Unsleeping Soul,Zilliax,Arcane Watcher,Dalaran Librarian,Divine Hymn,Mosh'Ogg Enforcer,Circle of Healing,Forbidden Words,Catrina Muerte,Shadow Word: Death,Batterhead,Witchwood Grizzly,Hench-Clan Shadequill,Lady in White,Northshire Cleric,44.79,LOW
Silence,Ancient Watcher,Unsleeping Soul,Dalaran Librarian,Arcane Watcher,Divine Hymn,Circle of Healing,Wild Pyromancer,Inner Fire,Hench-Clan Shadequill,Divine Spirit,Power Word: Shield,Potion Vendor,Faceless Rager,Mojomaster Zihi,Northshire Cleric,44.68,LOW
Silence,Grave Horror,Mass Hysteria,Divine Hymn,Regenerate,Circle of Healing,Acolyte of Pain,Seance,Alexstrasza,Acidic Swamp Ooze,Wild Pyromancer,Lazul's Scheme,Topsy Turvy,Power Word: Shield,Gadgetzan Auctioneer,Chef Nomi,Northshire Cleric,44.58,LOW
Silence,Grave Horror,Mass Hysteria,Divine Hymn,Regenerate,Vivid Nightmare,Circle of Healing,Acolyte of Pain,Seance,Wild Pyromancer,Lazul's Scheme,Topsy Turvy,Power Word: Shield,Gadgetzan Auctioneer,Chef Nomi,Northshire Cleric,44.45,LOW
Mass Hysteria,Shadow Visions,Dead Ringer,Seance,Bone Drake,Stonehill Defender,Shadow Word: Death,Duskbreaker,Bloodmage Thalnos,Psychic Scream,Weaponized Piata,Loot Hoarder,Princess Talanji,Gilded Gargoyle,Shadowreaper Anduin,Archbishop Benedictus,Awaken the Makers,Twilight's Call,43.99,LOW
Silence,Grave Horror,Circle of Healing,Shadow Visions,Acolyte of Pain,Seance,Radiant Elemental,Wild Pyromancer,Sand Drudge,Inner Fire,Divine Spirit,Power Word: Shield,Banana Buffoon,Lyra the Sunshard,Northshire Cleric,Extra Arms,43.49,LOW
Silence,Grave Horror,Divine Hymn,Regenerate,Circle of Healing,Acolyte of Pain,Forbidden Words,Seance,Wild Pyromancer,Lazul's Scheme,Loot Hoarder,Topsy Turvy,Power Word: Shield,Gadgetzan Auctioneer,Chef Nomi,Northshire Cleric,43.28,LOW
Auchenai Soulpriest,Silence,Grave Horror,Mass Hysteria,Regenerate,Circle of Healing,Acolyte of Pain,Seance,Wild Pyromancer,Divine Spirit,Lazul's Scheme,Topsy Turvy,Power Word: Shield,Gadgetzan Auctioneer,Chef Nomi,Northshire Cleric,43.21,LOW
Mass Hysteria,Zilliax,Vivid Nightmare,Da Undatakah,Forbidden Words,Dead Ringer,Catrina Muerte,Convincing Infiltrator,Seance,Recurring Villain,Zerek, Master Cloner,Mass Resurrection,Shadowy Figure,Power Word: Shield,Banana Buffoon,Extra Arms,Northshire Cleric,43.13,LOW
Silence,Ancient Watcher,Unsleeping Soul,Dalaran Librarian,Arcane Watcher,Divine Hymn,Circle of Healing,Forbidden Words,Spellbreaker,Wild Pyromancer,Hench-Clan Shadequill,Lazul's Scheme,Cabal Shadow Priest,Power Word: Shield,Madame Lazul,Soldier of Fortune,Northshire Cleric,43.01,LOW
Silence,Shadow Madness,Ancient Watcher,Unsleeping Soul,Zilliax,Dalaran Librarian,Arcane Watcher,Circle of Healing,Acolyte of Pain,Wild Pyromancer,Inner Fire,Hench-Clan Shadequill,Divine Spirit,Lazul's Scheme,Cabal Shadow Priest,Power Word: Shield,Northshire Cleric,42.83,LOW
Tar Creeper,Nightmare Amalgam,Bwonsamdi, the Dead,Spirit of the Dead,Acolyte of Pain,Stonehill Defender,Primordial Drake,Duskbreaker,Psychic Scream,Cobalt Scalebane,Dragonmaw Scorcher,Power Word: Shield,Prince Keleseth,Scaleworm,Saronite Chain Gang,Surrender to Madness,Mojomaster Zihi,Northshire Cleric,42.62,LOW
Silence,EVIL Conscripter,Zilliax,Mechanical Whelp,Da Undatakah,Circle of Healing,Dead Ringer,Coffin Crasher,Convincing Infiltrator,Auchenai Phantasm,Shadow Word: Death,Hench-Clan Shadequill,Shadowy Figure,Power Word: Shield,Madame Lazul,Northshire Cleric,Extra Arms,Auchenai Soulpriest,42.11,LOW
Mass Hysteria,Cairne Bloodhoof,Da Undatakah,Forbidden Words,Dead Ringer,Catrina Muerte,Coffin Crasher,Convincing Infiltrator,Shadow Word: Death,Omega Medic,Hench-Clan Shadequill,Weaponized Piata,Shadowy Figure,Rotten Applebaum,Power Word: Shield,Madame Lazul,Tunnel Blaster,Archivist Elysiana,41.92,LOW
Mass Hysteria,Zilliax,Da Undatakah,Vivid Nightmare,Forbidden Words,Dead Ringer,Catrina Muerte,Convincing Infiltrator,Seance,Recurring Villain,Zerek, Master Cloner,Mass Resurrection,Power Word: Shield,Banana Buffoon,Proud Defender,Northshire Cleric,Extra Arms,41.43,LOW
Auchenai Soulpriest,Mass Hysteria,Zilliax,Divine Hymn,Circle of Healing,Acolyte of Pain,Alexstrasza,Shadow Word: Death,Shadowform,Mind Blast,Archmage Vargoth,Harrison Jones,Wild Pyromancer,Hench-Clan Shadequill,Power Word: Shield,Sunreaver Warmage,Madame Lazul,Holy Fire,Northshire Cleric,41.35,LOW
Coldlight Seer,Shadow Ascendant,Unidentified Elixir,Cult Master,Murloc Tastyfin,Gentle Megasaur,Shadow Visions,Murloc Tidecaller,Murloc Warleader,Mind Blast,Radiant Elemental,Bluegill Warrior,Rockpool Hunter,Power Word: Shield,Murloc Tidehunter,Surrender to Madness,Northshire Cleric,41.34,LOW
Auchenai Soulpriest,Mass Hysteria,Cairne Bloodhoof,Zilliax,Mechanical Whelp,Da Undatakah,Circle of Healing,Forbidden Words,Catrina Muerte,Seance,Shadow Word: Death,Wild Pyromancer,Lazul's Scheme,Injured Blademaster,Cabal Shadow Priest,Shadowy Figure,Power Word: Shield,Madame Lazul,Northshire Cleric,40.58,LOW
Mass Hysteria,Bwonsamdi, the Dead,Shadow Visions,Spirit of the Dead,Dead Ringer,Seance,Zola the Gorgon,Bloodmage Thalnos,Voodoo Doll,Psychic Scream,Loot Hoarder,Reckless Experimenter,Carnivorous Cube,Gilded Gargoyle,Shadowreaper Anduin,Spirit Lash,Awaken the Makers,Mojomaster Zihi,Twilight's Call,40.14,LOW
Mass Hysteria,Zilliax,Mechanical Whelp,Divine Hymn,Vivid Nightmare,Circle of Healing,Shadow Word: Death,Wild Pyromancer,Hench-Clan Shadequill,Injured Blademaster,Half-Time Scavenger,Power Word: Shield,Faceless Rager,Star Aligner,Northshire Cleric,Extra Arms,Auchenai Soulpriest,39.59,LOW
Silence,Grave Horror,Divine Hymn,Regenerate,Circle of Healing,Acolyte of Pain,Forbidden Words,Seance,Wild Pyromancer,Lazul's Scheme,Power Word: Shield,Shadow Word: Pain,Mass Dispel,Madame Lazul,Gadgetzan Auctioneer,Chef Nomi,Northshire Cleric,39.34,LOW
Mass Hysteria,Plated Beetle,Zilliax,Bwonsamdi, the Dead,Vivid Nightmare,Shadow Visions,Spirit of the Dead,Dead Ringer,Seance,Leeroy Jenkins,Zola the Gorgon,Bloodmage Thalnos,Psychic Scream,Loot Hoarder,Rotten Applebaum,Mass Dispel,Baleful Banker,Shadowreaper Anduin,Awaken the Makers,Twilight's Call,Augmented Elekk,39.01,LOW
Auchenai Soulpriest,Mass Hysteria,Unsleeping Soul,Zilliax,Dalaran Librarian,Arcane Watcher,Divine Hymn,Circle of Healing,Forbidden Words,Catrina Muerte,Shadow Word: Death,Batterhead,Witchwood Grizzly,Hench-Clan Shadequill,Mass Resurrection,Lady in White,Northshire Cleric,37.81,LOW
Auchenai Soulpriest,Mass Hysteria,Cairne Bloodhoof,Zilliax,Mechanical Whelp,Divine Hymn,Da Undatakah,Circle of Healing,Acolyte of Pain,Alexstrasza,Shadow Word: Death,Shadowform,Mind Blast,Wild Pyromancer,Archmage Vargoth,Harrison Jones,Power Word: Shield,Madame Lazul,Holy Fire,Northshire Cleric,37.54,LOW
Silence,Mass Hysteria,Shadow Madness,Ancient Watcher,Unsleeping Soul,Dalaran Librarian,Arcane Watcher,Circle of Healing,Acolyte of Pain,Forbidden Words,Wild Pyromancer,Inner Fire,Hench-Clan Shadequill,Divine Spirit,Lazul's Scheme,Power Word: Shield,Potion Vendor,Northshire Cleric,37.01,LOW
Mass Hysteria,Zilliax,Vivid Nightmare,Da Undatakah,Dead Ringer,Catrina Muerte,Convincing Infiltrator,Seance,Recurring Villain,Archmage Vargoth,Zerek, Master Cloner,Mass Resurrection,Shadowy Figure,Power Word: Shield,Power Word: Replicate,Banana Buffoon,Northshire Cleric,Extra Arms,36.85,LOW
Silence,EVIL Conscripter,Zilliax,Mechanical Whelp,Da Undatakah,Madame Lazul,Circle of Healing,Dead Ringer,Coffin Crasher,Convincing Infiltrator,Auchenai Phantasm,Shadow Word: Death,Hench-Clan Shadequill,Shadowy Figure,Power Word: Shield,Northshire Cleric,Extra Arms,Auchenai Soulpriest,36.82,LOW
Mass Hysteria,Zilliax,Hakkar, the Soulflayer,Shadow Visions,Spirit of the Dead,Dead Ringer,Coffin Crasher,Seance,Obsidian Statue,Shadow Word: Death,Zerek's Cloning Gallery,Radiant Elemental,Gilded Gargoyle,Power Word: Shield,Shadow Word: Pain,Shadowreaper Anduin,Awaken the Makers,Lesser Diamond Spellstone,Lyra the Sunshard,Twilight's Call,36.63,LOW
Grave Horror,Thoughtsteal,Shadow Madness,Shadow Visions,Shadow Word: Death,Radiant Elemental,Psychic Scream,Cabal Shadow Priest,Mind Control,Power Word: Shield,Marin the Fox,Shadow Word: Pain,Psionic Probe,The Lich King,Lyra the Sunshard,Cloning Device,Northshire Cleric,Mind Vision,36.24,LOW
Mass Hysteria,Zilliax,Divine Hymn,Vivid Nightmare,Jepetto Joybuzz,Prophet Velen,Forbidden Words,Catrina Muerte,Seance,Zerek's Cloning Gallery,Shadow Word: Death,Mind Blast,Archmage Vargoth,Holy Smite,Mass Resurrection,Shadow Word: Pain,Mass Dispel,Malygos,Holy Fire,35.11,LOW
Mass Hysteria,Shadow Madness,Thoughtsteal,Zilliax,Chameleos,Vivid Nightmare,Forbidden Words,Catrina Muerte,Shadow Word: Death,Acidic Swamp Ooze,Zerek, Master Cloner,Injured Blademaster,Rotten Applebaum,Shadow Word: Pain,Mass Dispel,Madame Lazul,Archivist Elysiana,Cloning Device,Mind Vision,Northshire Cleric,33.96,LOW
Mass Hysteria,Vivid Nightmare,Da Undatakah,Circle of Healing,Dead Ringer,Seance,Shadow Word: Death,Wild Pyromancer,Archmage Vargoth,Zerek, Master Cloner,Shadowy Figure,Power Word: Shield,Power Word: Replicate,Banana Buffoon,Extra Arms,Northshire Cleric,Auchenai Soulpriest,31.59,LOW
