Slam,Clockwork Goblin,Zilliax,Shield Block,Warpath,Omega Assembly,Eternium Rover,Wrenchcalibur,Dr. Boom, Mad Genius,Execute,Brawl,Captain Greenskin,Supercollider,Shield Slam,Omega Devastator,Blastmaster Boom,Upgrade!,Augmented Elekk,Dyn-o-matic,65.66,HIGH
Direhorn Hatchling,Tar Creeper,Zilliax,Amani War Bear,Fire Plume's Heart,Shield Block,Stonehill Defender,Town Crier,Phantom Militia,Blackwald Pixie,Brawl,Supercollider,Shield Slam,Baku the Mooneater,Oondasta,Reckless Flurry,Dyn-o-matic,63.19,HIGH
Militia Commander,Zilliax,Shield Block,Warpath,Omega Assembly,Eternium Rover,Town Crier,Harrison Jones,Dr. Boom, Mad Genius,Brawl,Supercollider,Shield Slam,Hecklebot,Darius Crowley,Omega Devastator,Archivist Elysiana,Weapons Project,Dyn-o-matic,62.26,HIGH
Zilliax,Shield Block,Omega Assembly,Smolderthorn Lancer,Emberscale Drake,Eternium Rover,Stonehill Defender,Dr. Boom, Mad Genius,Brawl,Dragonmaw Scorcher,Supercollider,Shield Slam,Crowd Roaster,Baku the Mooneater,Ysera,Gluttonous Ooze,Reckless Flurry,Dyn-o-matic,61.63,HIGH
Direhorn Hatchling,Tar Creeper,Zilliax,Amani War Bear,Fire Plume's Heart,Shield Block,Stonehill Defender,Town Crier,Phantom Militia,Blackwald Pixie,Brawl,Supercollider,Shield Slam,Baku the Mooneater,Gluttonous Ooze,Darius Crowley,Reckless Flurry,Dyn-o-matic,61.38,HIGH
Zilliax,Shield Block,Omega Assembly,Smolderthorn Lancer,Emberscale Drake,Eternium Rover,Stonehill Defender,Dr. Boom, Mad Genius,Brawl,Dragonmaw Scorcher,Supercollider,Shield Slam,Crowd Roaster,Baku the Mooneater,Ysera,Gluttonous Ooze,Reckless Flurry,Dyn-o-matic,61.3,HIGH
Militia Commander,Zilliax,Clockwork Goblin,Kor'kron Elite,Woodcutter's Axe,Seaforium Bomber,Eternium Rover,Town Crier,Akali, the Rhino,Wrenchcalibur,Dr. Boom, Mad Genius,Spirit of the Rhino,Captain Greenskin,Sul'thraze,Hench-Clan Hogsteed,Frothing Berserker,Darius Crowley,Countess Ashmore,Blastmaster Boom,Upgrade!,61.18,HIGH
Slam,Militia Commander,Zilliax,Clockwork Goblin,Warpath,Omega Assembly,Eternium Rover,Rabid Worgen,Town Crier,Wrenchcalibur,Loot Hoarder,Dr. Boom, Mad Genius,Brawl,Captain Greenskin,Darius Crowley,Omega Devastator,Blastmaster Boom,Augmented Elekk,Dyn-o-matic,61.08,HIGH
Militia Commander,Zilliax,Shield Block,Acolyte of Pain,Warpath,Omega Assembly,Youthful Brewmaster,Eternium Rover,Town Crier,Harrison Jones,Execute,Dr. Boom, Mad Genius,Brawl,Shield Slam,Omega Devastator,Archivist Elysiana,Weapons Project,Dyn-o-matic,60.79,HIGH
Slam,Clockwork Goblin,Zilliax,Shield Block,Warpath,Omega Assembly,Seaforium Bomber,Eternium Rover,Wrenchcalibur,Execute,Dr. Boom, Mad Genius,Brawl,Supercollider,Shield Slam,Omega Devastator,Blastmaster Boom,Upgrade!,Dyn-o-matic,Augmented Elekk,60.74,HIGH
Direhorn Hatchling,Tar Creeper,Zilliax,Fire Plume's Heart,Shield Block,Acolyte of Pain,Stonehill Defender,Phantom Militia,Mind Control Tech,Blackwald Pixie,Ironbeak Owl,Brawl,Supercollider,Shield Slam,Baku the Mooneater,Gluttonous Ooze,Reckless Flurry,Dyn-o-matic,60.52,HIGH
Slam,Zilliax,Shield Block,Acolyte of Pain,Warpath,Spellbreaker,Omega Assembly,Eternium Rover,Archmage Vargoth,Harrison Jones,Dr. Boom, Mad Genius,Execute,Brawl,Shield Slam,Hecklebot,Omega Devastator,Archivist Elysiana,Weapons Project,Dyn-o-matic,60.39,HIGH
Direhorn Hatchling,Tar Creeper,Zilliax,Amani War Bear,Fire Plume's Heart,Shield Block,Stonehill Defender,Town Crier,Phantom Militia,Witchwood Grizzly,Blackwald Pixie,Ironbeak Owl,Brawl,Supercollider,Shield Slam,Baku the Mooneater,Reckless Flurry,Dyn-o-matic,60.31,HIGH
Clockwork Goblin,Zilliax,Shield Block,Warpath,Omega Assembly,Seaforium Bomber,Eternium Rover,Wrenchcalibur,Execute,Dr. Boom, Mad Genius,Brawl,Shield Slam,Omega Devastator,Blastmaster Boom,Dyn-o-matic,Augmented Elekk,Rocket Boots,60.21,HIGH
Slam,Militia Commander,Clockwork Goblin,Zilliax,Shield Block,Warpath,Omega Assembly,Seaforium Bomber,Eternium Rover,Town Crier,Wrenchcalibur,Dr. Boom, Mad Genius,Brawl,Supercollider,Shield Slam,Blastmaster Boom,Dyn-o-matic,Augmented Elekk,60.21,HIGH
Slam,Zilliax,Shield Block,Acolyte of Pain,Warpath,Omega Assembly,Youthful Brewmaster,Eternium Rover,Harrison Jones,Dr. Boom, Mad Genius,Execute,Brawl,Supercollider,Shield Slam,Hecklebot,Omega Devastator,Archivist Elysiana,Weapons Project,Dyn-o-matic,60.2,HIGH
Slam,Militia Commander,Zilliax,Shield Block,Improve Morale,Acolyte of Pain,Warpath,Omega Assembly,Eternium Rover,Town Crier,Baron Geddon,Dr. Boom, Mad Genius,Execute,Brawl,Shield Slam,Baleful Banker,Archivist Elysiana,Weapons Project,Dyn-o-matic,60.14,HIGH
Zilliax,Shield Block,Omega Assembly,Smolderthorn Lancer,Emberscale Drake,Eternium Rover,Stonehill Defender,Dr. Boom, Mad Genius,Brawl,Dragonmaw Scorcher,Supercollider,Shield Slam,Crowd Roaster,Baku the Mooneater,Ysera,Reckless Flurry,Gorehowl,Dyn-o-matic,60.14,HIGH
Slam,Clockwork Goblin,Zilliax,Shield Block,Warpath,Omega Assembly,Eternium Rover,Rabid Worgen,Town Crier,Wrenchcalibur,Dr. Boom, Mad Genius,Brawl,Captain Greenskin,Darius Crowley,Omega Devastator,Blastmaster Boom,Dyn-o-matic,Augmented Elekk,60.07,HIGH
Slam,Clockwork Goblin,Zilliax,Warpath,Omega Assembly,Eternium Rover,Rabid Worgen,Town Crier,Wrenchcalibur,Loot Hoarder,Dr. Boom, Mad Genius,Brawl,Darius Crowley,Omega Devastator,Blastmaster Boom,Upgrade!,Augmented Elekk,Dyn-o-matic,60.01,HIGH
Direhorn Hatchling,Tar Creeper,Zilliax,Amani War Bear,Fire Plume's Heart,Shield Block,Stonehill Defender,Town Crier,Phantom Militia,Blackwald Pixie,Ironbeak Owl,Brawl,Supercollider,Shield Slam,Baku the Mooneater,Gluttonous Ooze,Reckless Flurry,Dyn-o-matic,59.99,HIGH
Militia Commander,Zilliax,Shield Block,Acolyte of Pain,Warpath,Omega Assembly,Eternium Rover,Town Crier,Harrison Jones,Baron Geddon,Dr. Boom, Mad Genius,Brawl,Supercollider,Shield Slam,Darius Crowley,Omega Devastator,Archivist Elysiana,Weapons Project,Dyn-o-matic,59.82,HIGH
Clockwork Goblin,Zilliax,Vicious Scraphound,Shield Block,Acolyte of Pain,Warpath,Omega Assembly,Seaforium Bomber,Eternium Rover,Wrenchcalibur,Dr. Boom, Mad Genius,Brawl,Supercollider,Safeguard,Omega Devastator,Blastmaster Boom,Augmented Elekk,Dyn-o-matic,59.79,HIGH
Slam,Zilliax,Clockwork Goblin,Warpath,Omega Assembly,Eternium Rover,Rabid Worgen,Town Crier,Wrenchcalibur,Loot Hoarder,Dr. Boom, Mad Genius,Brawl,Darius Crowley,Omega Devastator,Blastmaster Boom,Dyn-o-matic,Augmented Elekk,59.77,HIGH
Slam,Zilliax,Clockwork Goblin,Shield Block,Warpath,Omega Assembly,Eternium Rover,Wrenchcalibur,Dr. Boom, Mad Genius,Execute,Brawl,Supercollider,Shield Slam,Omega Devastator,Archivist Elysiana,Blastmaster Boom,Upgrade!,Augmented Elekk,Dyn-o-matic,59.72,HIGH
Slam,Clockwork Goblin,Zilliax,Warpath,Omega Assembly,Eternium Rover,Rabid Worgen,Town Crier,Harrison Jones,Wrenchcalibur,Loot Hoarder,Dr. Boom, Mad Genius,Brawl,Darius Crowley,Omega Devastator,Blastmaster Boom,Dyn-o-matic,Augmented Elekk,59.71,HIGH
Clockwork Goblin,Zilliax,Omega Assembly,Eternium Rover,Rabid Worgen,Town Crier,Harrison Jones,Wrenchcalibur,Loot Hoarder,Dr. Boom, Mad Genius,Brawl,Captain Greenskin,Darius Crowley,Omega Devastator,Blastmaster Boom,Upgrade!,Dyn-o-matic,Augmented Elekk,59.71,HIGH
Zilliax,Shield Block,Acolyte of Pain,Warpath,Omega Assembly,Eternium Rover,Harrison Jones,Dr. Boom, Mad Genius,Execute,Brawl,Supercollider,Shield Slam,Hecklebot,Baleful Banker,Omega Devastator,Archivist Elysiana,Weapons Project,Dyn-o-matic,59.66,HIGH
Slam,Clockwork Goblin,Zilliax,Improve Morale,Acolyte of Pain,Warpath,Omega Assembly,Alexstrasza,Seaforium Bomber,Eternium Rover,Wrenchcalibur,Execute,Dr. Boom, Mad Genius,Brawl,Shield Slam,Blastmaster Boom,Dyn-o-matic,Grommash Hellscream,59.63,HIGH
The Boomship,Slam,Militia Commander,Inner Rage,Whirlwind,Zilliax,Shield Block,Mecha'thun,Acolyte of Pain,Warpath,Town Crier,Harrison Jones,Dr. Boom, Mad Genius,Brawl,Shield Slam,Malygos,Omega Devastator,Weapons Project,Dyn-o-matic,59.58,HIGH
Slam,Clockwork Goblin,Zilliax,Warpath,Omega Assembly,Seaforium Bomber,Eternium Rover,Rabid Worgen,Town Crier,Wrenchcalibur,Loot Hoarder,Dr. Boom, Mad Genius,Brawl,Darius Crowley,Omega Devastator,Blastmaster Boom,Dyn-o-matic,Augmented Elekk,59.52,HIGH
Slam,Clockwork Goblin,Zilliax,Warpath,Omega Assembly,Seaforium Bomber,Eternium Rover,Rabid Worgen,Town Crier,Wrenchcalibur,Loot Hoarder,Dr. Boom, Mad Genius,Brawl,Captain Greenskin,Darius Crowley,Omega Devastator,Blastmaster Boom,Dyn-o-matic,Augmented Elekk,59.41,HIGH
Direhorn Hatchling,Tar Creeper,Zilliax,Fire Plume's Heart,Shield Block,Smolderthorn Lancer,Emberscale Drake,Stonehill Defender,Phantom Militia,Harrison Jones,Brawl,Dragonmaw Scorcher,Supercollider,Shield Slam,Crowd Roaster,Baku the Mooneater,Reckless Flurry,59.38,HIGH
Slam,Zilliax,Clockwork Goblin,Warpath,Omega Assembly,Eternium Rover,Rabid Worgen,Town Crier,Wrenchcalibur,Loot Hoarder,Dr. Boom, Mad Genius,Brawl,Barista Lynchen,Darius Crowley,Omega Devastator,Blastmaster Boom,Augmented Elekk,Dyn-o-matic,59.37,HIGH
Slam,Militia Commander,Zilliax,Shield Block,Warpath,Omega Assembly,Eternium Rover,Town Crier,Harrison Jones,Dr. Boom, Mad Genius,Execute,Brawl,Supercollider,Shield Slam,Baleful Banker,Safeguard,Omega Devastator,Archivist Elysiana,Weapons Project,Dyn-o-matic,59.35,HIGH
The Boomship,Slam,Militia Commander,Inner Rage,Whirlwind,Zilliax,Shield Block,Mecha'thun,Acolyte of Pain,Warpath,Town Crier,Harrison Jones,Dr. Boom, Mad Genius,Execute,Brawl,Shield Slam,Malygos,Weapons Project,Dyn-o-matic,59.35,HIGH
Slam,Zilliax,Clockwork Goblin,Warpath,Omega Assembly,Eternium Rover,Rabid Worgen,Town Crier,Wrenchcalibur,Loot Hoarder,Dr. Boom, Mad Genius,Brawl,Captain Greenskin,Darius Crowley,Omega Devastator,Blastmaster Boom,Augmented Elekk,Dyn-o-matic,59.34,HIGH
Zilliax,Shield Block,Omega Assembly,Smolderthorn Lancer,Emberscale Drake,Eternium Rover,Stonehill Defender,Dr. Boom, Mad Genius,Brawl,Dragonmaw Scorcher,Supercollider,Shield Slam,Crowd Roaster,Baku the Mooneater,Ysera,Reckless Flurry,Dyn-o-matic,59.34,HIGH
Slam,Zilliax,Clockwork Goblin,Warpath,Omega Assembly,Eternium Rover,Acidic Swamp Ooze,Town Crier,Wrenchcalibur,Loot Hoarder,Dr. Boom, Mad Genius,Brawl,Captain Greenskin,Darius Crowley,Omega Devastator,Blastmaster Boom,Augmented Elekk,Dyn-o-matic,59.33,HIGH
Slam,Clockwork Goblin,Zilliax,Shield Block,Warpath,Omega Assembly,Eternium Rover,Wrenchcalibur,Execute,Dr. Boom, Mad Genius,Brawl,Supercollider,Shield Slam,Omega Devastator,Archivist Elysiana,Blastmaster Boom,Augmented Elekk,Dyn-o-matic,59.27,HIGH
Slam,Militia Commander,Zilliax,Clockwork Goblin,Warpath,Omega Assembly,Eternium Rover,Town Crier,Wrenchcalibur,Loot Hoarder,Dr. Boom, Mad Genius,Brawl,Captain Greenskin,Darius Crowley,Omega Devastator,Blastmaster Boom,Augmented Elekk,Dyn-o-matic,59.27,HIGH
Slam,Militia Commander,Clockwork Goblin,Zilliax,Shield Block,Warpath,Omega Assembly,Seaforium Bomber,Eternium Rover,Town Crier,Harrison Jones,Wrenchcalibur,Dr. Boom, Mad Genius,Brawl,Shield Slam,Blastmaster Boom,Dyn-o-matic,Augmented Elekk,59.26,HIGH
Slam,Militia Commander,Clockwork Goblin,Zilliax,Shield Block,Warpath,Omega Assembly,Seaforium Bomber,Eternium Rover,Town Crier,Wrenchcalibur,Dr. Boom, Mad Genius,Brawl,Shield Slam,Blastmaster Boom,Augmented Elekk,Dyn-o-matic,Grommash Hellscream,59.25,HIGH
Direhorn Hatchling,Tar Creeper,Zilliax,Amani War Bear,Fire Plume's Heart,Shield Block,Stonehill Defender,Town Crier,Phantom Militia,Blackwald Pixie,Ironbeak Owl,Brawl,Supercollider,Shield Slam,Baku the Mooneater,Reckless Flurry,Dyn-o-matic,59.23,HIGH
Militia Commander,Zilliax,Shield Block,Acolyte of Pain,Warpath,Omega Assembly,Eternium Rover,Town Crier,Harrison Jones,Baron Geddon,Dr. Boom, Mad Genius,Brawl,Supercollider,Shield Slam,Baleful Banker,Darius Crowley,Omega Devastator,Archivist Elysiana,Weapons Project,Dyn-o-matic,59.23,HIGH
Clockwork Goblin,Zilliax,Vicious Scraphound,Shield Block,Warpath,Omega Assembly,Seaforium Bomber,Eternium Rover,Wrenchcalibur,Execute,Dr. Boom, Mad Genius,Brawl,Shield Slam,Barista Lynchen,Omega Devastator,Blastmaster Boom,Upgrade!,Dyn-o-matic,59.18,HIGH
Zilliax,Shield Block,Warpath,Omega Assembly,Dragon Roar,Emberscale Drake,Harrison Jones,Dr. Boom, Mad Genius,Execute,Brawl,Dragonmaw Scorcher,Supercollider,Shield Slam,Baleful Banker,Omega Devastator,Archivist Elysiana,Weapons Project,Dyn-o-matic,59.16,HIGH
Zilliax,Shield Block,Acolyte of Pain,Warpath,Omega Assembly,Eternium Rover,Harrison Jones,Baron Geddon,Dr. Boom, Mad Genius,Brawl,Supercollider,Shield Slam,Hecklebot,Baleful Banker,Omega Devastator,Archivist Elysiana,Weapons Project,Dyn-o-matic,59.13,HIGH
Slam,Clockwork Goblin,Zilliax,Warpath,Omega Assembly,Eternium Rover,Rabid Worgen,Town Crier,Wrenchcalibur,Loot Hoarder,Dr. Boom, Mad Genius,Brawl,Darius Crowley,Omega Devastator,Blastmaster Boom,Augmented Elekk,Dyn-o-matic,Grommash Hellscream,59.13,HIGH
Militia Commander,Clockwork Goblin,Zilliax,Shield Block,Warpath,Omega Assembly,Eternium Rover,Acidic Swamp Ooze,Town Crier,Wrenchcalibur,Execute,Dr. Boom, Mad Genius,Shield Slam,Darius Crowley,Omega Devastator,Blastmaster Boom,Augmented Elekk,Dyn-o-matic,59.1,HIGH
Slam,Militia Commander,Clockwork Goblin,Zilliax,Shield Block,Warpath,Omega Assembly,Eternium Rover,Town Crier,Wrenchcalibur,Dr. Boom, Mad Genius,Brawl,Shield Slam,Omega Devastator,Archivist Elysiana,Blastmaster Boom,Dyn-o-matic,Augmented Elekk,59.09,HIGH
Slam,Militia Commander,Clockwork Goblin,Zilliax,Shield Block,Warpath,Omega Assembly,Seaforium Bomber,Eternium Rover,Town Crier,Wrenchcalibur,Dr. Boom, Mad Genius,Brawl,Shield Slam,Omega Devastator,Archivist Elysiana,Blastmaster Boom,Dyn-o-matic,Augmented Elekk,59.04,HIGH
Slam,Clockwork Goblin,Zilliax,Shield Block,Acolyte of Pain,Warpath,Omega Assembly,Eternium Rover,Wrenchcalibur,Dr. Boom, Mad Genius,Brawl,Supercollider,Shield Slam,Omega Devastator,Blastmaster Boom,Upgrade!,Dyn-o-matic,Augmented Elekk,59.04,HIGH
Slam,Militia Commander,Whirlwind,Zilliax,Shield Block,Acolyte of Pain,Warpath,Omega Assembly,Eternium Rover,Town Crier,Phantom Militia,Harrison Jones,Execute,Dr. Boom, Mad Genius,Brawl,Shield Slam,Archivist Elysiana,Weapons Project,Dyn-o-matic,59.02,HIGH
Slam,Clockwork Goblin,Zilliax,Shield Block,Warpath,Omega Assembly,Eternium Rover,Acidic Swamp Ooze,Wrenchcalibur,Dr. Boom, Mad Genius,Execute,Brawl,Supercollider,Shield Slam,Omega Devastator,Archivist Elysiana,Blastmaster Boom,Dyn-o-matic,Augmented Elekk,59.01,HIGH
Militia Commander,Zilliax,Clockwork Goblin,Shield Block,Warpath,Omega Assembly,Eternium Rover,Acidic Swamp Ooze,Town Crier,Wrenchcalibur,Execute,Dr. Boom, Mad Genius,Brawl,Shield Slam,Omega Devastator,Blastmaster Boom,Augmented Elekk,Dyn-o-matic,59.0,HIGH
Slam,Militia Commander,Clockwork Goblin,Zilliax,Shield Block,Warpath,Omega Assembly,Eternium Rover,Acidic Swamp Ooze,Town Crier,Wrenchcalibur,Dr. Boom, Mad Genius,Brawl,Shield Slam,Darius Crowley,Blastmaster Boom,Augmented Elekk,Dyn-o-matic,58.97,HIGH
Militia Commander,Zilliax,Shield Block,Acolyte of Pain,Warpath,Omega Assembly,Rabid Worgen,Town Crier,Harrison Jones,Baron Geddon,Execute,Dr. Boom, Mad Genius,Brawl,Supercollider,Shield Slam,Baleful Banker,Darius Crowley,Archivist Elysiana,Weapons Project,Dyn-o-matic,58.95,HIGH
Grommash Hellscream,Militia Commander,Zilliax,Blood Razor,Scourgelord Garrosh,Kor'kron Elite,Spellbreaker,Eternium Rover,Rabid Worgen,Town Crier,Akali, the Rhino,Mountainfire Armor,Fungalmancer,Sul'thraze,Prince Keleseth,Saronite Chain Gang,Frothing Berserker,The Lich King,Darius Crowley,Countess Ashmore,58.93,HIGH
Direhorn Hatchling,Tar Creeper,Zilliax,Amani War Bear,Fire Plume's Heart,Shield Block,Stonehill Defender,Town Crier,Phantom Militia,Harrison Jones,Blackwald Pixie,Ironbeak Owl,Brawl,Supercollider,Shield Slam,Baku the Mooneater,Reckless Flurry,Dyn-o-matic,58.92,HIGH
Direhorn Hatchling,Tar Creeper,Zilliax,Amani War Bear,Fire Plume's Heart,Shield Block,Stonehill Defender,Town Crier,Phantom Militia,Blackwald Pixie,Brawl,Supercollider,Shield Slam,Baku the Mooneater,Darius Crowley,Reckless Flurry,Dyn-o-matic,58.89,HIGH
Direhorn Hatchling,Tar Creeper,Zilliax,Amani War Bear,Fire Plume's Heart,Shield Block,Stonehill Defender,Town Crier,Phantom Militia,Witchwood Grizzly,Brawl,Supercollider,Shield Slam,Baku the Mooneater,Darius Crowley,Reckless Flurry,Dyn-o-matic,58.87,HIGH
Direhorn Hatchling,Zilliax,Shield Block,Omega Assembly,Smolderthorn Lancer,Emberscale Drake,Stonehill Defender,Ironbeak Owl,Dr. Boom, Mad Genius,Brawl,Dragonmaw Scorcher,Supercollider,Shield Slam,Crowd Roaster,Baku the Mooneater,Reckless Flurry,Dyn-o-matic,58.85,HIGH
Slam,Zilliax,Clockwork Goblin,Shield Block,Warpath,Omega Assembly,Eternium Rover,Wrenchcalibur,Dr. Boom, Mad Genius,Execute,Brawl,Supercollider,Shield Slam,Omega Devastator,Archivist Elysiana,Blastmaster Boom,Upgrade!,Dyn-o-matic,Augmented Elekk,58.83,HIGH
Clockwork Goblin,Zilliax,Improve Morale,Warpath,Omega Assembly,Seaforium Bomber,Eternium Rover,Rabid Worgen,Town Crier,Wrenchcalibur,Execute,Dr. Boom, Mad Genius,Brawl,Darius Crowley,Omega Devastator,Archivist Elysiana,Blastmaster Boom,Dyn-o-matic,58.81,HIGH
Slam,Zilliax,Clockwork Goblin,Shield Block,Warpath,Omega Assembly,Eternium Rover,Wrenchcalibur,Execute,Dr. Boom, Mad Genius,Brawl,Supercollider,Shield Slam,Omega Devastator,Blastmaster Boom,Upgrade!,Dyn-o-matic,Augmented Elekk,58.75,HIGH
Zilliax,Shield Block,Warpath,Omega Assembly,Smolderthorn Lancer,Dragon Roar,Emberscale Drake,Harrison Jones,Dr. Boom, Mad Genius,Brawl,Supercollider,Shield Slam,Crowd Roaster,Omega Devastator,Archivist Elysiana,Weapons Project,Dyn-o-matic,58.74,HIGH
Zilliax,Shield Block,Acolyte of Pain,Warpath,Omega Assembly,Eternium Rover,Harrison Jones,Baron Geddon,Execute,Dr. Boom, Mad Genius,Brawl,Supercollider,Shield Slam,Hecklebot,Baleful Banker,Omega Devastator,Archivist Elysiana,Weapons Project,Dyn-o-matic,58.73,HIGH
Slam,Militia Commander,Zilliax,Clockwork Goblin,Shield Block,Warpath,Omega Assembly,Seaforium Bomber,Eternium Rover,Town Crier,Wrenchcalibur,Dr. Boom, Mad Genius,Execute,Brawl,Shield Slam,Blastmaster Boom,Augmented Elekk,Dyn-o-matic,58.68,HIGH
Direhorn Hatchling,Zilliax,Shield Block,Omega Assembly,Smolderthorn Lancer,Emberscale Drake,Stonehill Defender,Ironbeak Owl,Dr. Boom, Mad Genius,Brawl,Dragonmaw Scorcher,Supercollider,Shield Slam,Crowd Roaster,Baku the Mooneater,Ysera,Reckless Flurry,Dyn-o-matic,58.67,HIGH
Slam,Militia Commander,Clockwork Goblin,Zilliax,Shield Block,Warpath,Omega Assembly,Eternium Rover,Town Crier,Harrison Jones,Wrenchcalibur,Ironbeak Owl,Dr. Boom, Mad Genius,Execute,Brawl,Supercollider,Shield Slam,Archivist Elysiana,Weapons Project,Blastmaster Boom,Dyn-o-matic,58.67,HIGH
Slam,Militia Commander,Clockwork Goblin,Zilliax,Warpath,Omega Assembly,Eternium Rover,Rabid Worgen,Town Crier,Wrenchcalibur,Loot Hoarder,Dr. Boom, Mad Genius,Brawl,Darius Crowley,Omega Devastator,Blastmaster Boom,Augmented Elekk,Dyn-o-matic,58.66,HIGH
Militia Commander,Zilliax,Blood Razor,Scourgelord Garrosh,Kor'kron Elite,Spellbreaker,Eternium Rover,Rabid Worgen,Town Crier,Akali, the Rhino,Mountainfire Armor,Fungalmancer,Prince Keleseth,Saronite Chain Gang,Frothing Berserker,The Lich King,Darius Crowley,Countess Ashmore,Dyn-o-matic,Grommash Hellscream,58.65,HIGH
Direhorn Hatchling,Tar Creeper,Zilliax,Amani War Bear,Fire Plume's Heart,Shield Block,Stonehill Defender,Town Crier,Phantom Militia,Witchwood Grizzly,Brawl,Supercollider,Shield Slam,Baku the Mooneater,Gluttonous Ooze,Oondasta,Reckless Flurry,Dyn-o-matic,58.65,HIGH
Zilliax,Shield Block,Omega Assembly,Smolderthorn Lancer,Emberscale Drake,Eternium Rover,Stonehill Defender,Dr. Boom, Mad Genius,Brawl,Dragonmaw Scorcher,Supercollider,Shield Slam,Crowd Roaster,Baku the Mooneater,Ysera,Gluttonous Ooze,Reckless Flurry,Dyn-o-matic,58.64,HIGH
Zilliax,Shield Block,Improve Morale,Acolyte of Pain,Warpath,Omega Assembly,Eternium Rover,Harrison Jones,Dr. Boom, Mad Genius,Brawl,Unseen Saboteur,Shield Slam,Hecklebot,Omega Devastator,Archivist Elysiana,Weapons Project,Dyn-o-matic,58.62,HIGH
Direhorn Hatchling,Zilliax,Shield Block,Omega Assembly,Smolderthorn Lancer,Emberscale Drake,Eternium Rover,Stonehill Defender,Dr. Boom, Mad Genius,Brawl,Dragonmaw Scorcher,Supercollider,Shield Slam,Crowd Roaster,Baku the Mooneater,Ysera,Reckless Flurry,Dyn-o-matic,58.58,HIGH
Direhorn Hatchling,Big Game Hunter,Zilliax,Shield Block,Omega Assembly,Faceless Manipulator,Stonehill Defender,Zola the Gorgon,Mind Control Tech,Elise the Trailblazer,Ironbeak Owl,Dr. Boom, Mad Genius,Brawl,Supercollider,Shield Slam,Baku the Mooneater,Gluttonous Ooze,Reckless Flurry,Dyn-o-matic,58.54,HIGH
Zilliax,Shield Block,Warpath,Omega Assembly,Eternium Rover,Rabid Worgen,Town Crier,Dr. Boom, Mad Genius,Brawl,Supercollider,Shield Slam,Hecklebot,Darius Crowley,Omega Devastator,Archivist Elysiana,Weapons Project,Dyn-o-matic,58.53,HIGH
Slam,Clockwork Goblin,Zilliax,Shield Block,Warpath,Omega Assembly,Eternium Rover,Rabid Worgen,Town Crier,Wrenchcalibur,Loot Hoarder,Dr. Boom, Mad Genius,Brawl,Darius Crowley,Omega Devastator,Blastmaster Boom,Augmented Elekk,Dyn-o-matic,58.5,HIGH
Slam,Zilliax,Clockwork Goblin,Warpath,Omega Assembly,Eternium Rover,Rabid Worgen,Town Crier,Wrenchcalibur,Loot Hoarder,Dr. Boom, Mad Genius,Brawl,Supercollider,Darius Crowley,Omega Devastator,Blastmaster Boom,Dyn-o-matic,Augmented Elekk,58.47,HIGH
Slam,Zilliax,Clockwork Goblin,Warpath,Omega Assembly,Eternium Rover,Rabid Worgen,Town Crier,Wrenchcalibur,Loot Hoarder,Execute,Dr. Boom, Mad Genius,Brawl,Darius Crowley,Omega Devastator,Blastmaster Boom,Augmented Elekk,Dyn-o-matic,58.45,HIGH
Slam,Zilliax,Clockwork Goblin,Shield Block,Warpath,Omega Assembly,Eternium Rover,Harrison Jones,Wrenchcalibur,Execute,Dr. Boom, Mad Genius,Brawl,Shield Slam,Archivist Elysiana,Blastmaster Boom,Weapons Project,Upgrade!,Dyn-o-matic,58.44,HIGH
Slam,Clockwork Goblin,Zilliax,Warpath,Omega Assembly,Eternium Rover,Rabid Worgen,Town Crier,Harrison Jones,Wrenchcalibur,Loot Hoarder,Dr. Boom, Mad Genius,Brawl,Captain Greenskin,Darius Crowley,Omega Devastator,Blastmaster Boom,Augmented Elekk,Dyn-o-matic,58.43,HIGH
Slam,Clockwork Goblin,Zilliax,Warpath,Omega Assembly,Seaforium Bomber,Eternium Rover,Rabid Worgen,Town Crier,Wrenchcalibur,Loot Hoarder,Dr. Boom, Mad Genius,Brawl,Captain Greenskin,Darius Crowley,Blastmaster Boom,Dyn-o-matic,Augmented Elekk,58.41,HIGH
Slam,Militia Commander,Clockwork Goblin,Zilliax,Shield Block,Warpath,Omega Assembly,Seaforium Bomber,Eternium Rover,Town Crier,Wrenchcalibur,Dr. Boom, Mad Genius,Brawl,Shield Slam,Darius Crowley,Archivist Elysiana,Blastmaster Boom,Dyn-o-matic,Augmented Elekk,58.36,HIGH
Slam,Clockwork Goblin,Zilliax,Warpath,Omega Assembly,Eternium Rover,Rabid Worgen,Town Crier,Harrison Jones,Wrenchcalibur,Loot Hoarder,Dr. Boom, Mad Genius,Brawl,Captain Greenskin,Darius Crowley,Omega Devastator,Blastmaster Boom,Augmented Elekk,Dyn-o-matic,58.35,HIGH
Nightmare Amalgam,Zilliax,Omega Assembly,Smolderthorn Lancer,Emberscale Drake,Eternium Rover,Stonehill Defender,Dr. Boom, Mad Genius,Brawl,Dragonmaw Scorcher,Supercollider,Shield Slam,Crowd Roaster,Baku the Mooneater,Ysera,Reckless Flurry,Dyn-o-matic,58.33,HIGH
Direhorn Hatchling,Zilliax,Shield Block,Omega Assembly,Smolderthorn Lancer,Emberscale Drake,Eternium Rover,Stonehill Defender,Dr. Boom, Mad Genius,Brawl,Dragonmaw Scorcher,Supercollider,Shield Slam,Crowd Roaster,Baku the Mooneater,Gluttonous Ooze,Reckless Flurry,Dyn-o-matic,58.33,HIGH
Slam,Militia Commander,Zilliax,Clockwork Goblin,Shield Block,Warpath,Omega Assembly,Seaforium Bomber,Eternium Rover,Town Crier,Wrenchcalibur,Dr. Boom, Mad Genius,Brawl,Shield Slam,Omega Devastator,Blastmaster Boom,Dyn-o-matic,Augmented Elekk,58.29,HIGH
Slam,Clockwork Goblin,Zilliax,Warpath,Omega Assembly,Eternium Rover,Rabid Worgen,Town Crier,Harrison Jones,Wrenchcalibur,Loot Hoarder,Dr. Boom, Mad Genius,Brawl,Captain Greenskin,Darius Crowley,Omega Devastator,Blastmaster Boom,Dyn-o-matic,Augmented Elekk,58.28,HIGH
Slam,Zilliax,Clockwork Goblin,Warpath,Omega Assembly,Eternium Rover,Rabid Worgen,Town Crier,Wrenchcalibur,Loot Hoarder,Dr. Boom, Mad Genius,Brawl,Captain Greenskin,Darius Crowley,Omega Devastator,Archivist Elysiana,Blastmaster Boom,Dyn-o-matic,Augmented Elekk,58.25,HIGH
Slam,Cairne Bloodhoof,Militia Commander,Inner Rage,Zilliax,Clockwork Goblin,Woodcutter's Axe,Acolyte of Pain,Seaforium Bomber,Eternium Rover,Rabid Worgen,Town Crier,Harrison Jones,Wrenchcalibur,Dr. Boom, Mad Genius,Frothing Berserker,Omega Devastator,Blastmaster Boom,58.22,HIGH
Slam,Clockwork Goblin,Zilliax,Warpath,Omega Assembly,Eternium Rover,Rabid Worgen,Acidic Swamp Ooze,Town Crier,Wrenchcalibur,Loot Hoarder,Dr. Boom, Mad Genius,Brawl,Darius Crowley,Omega Devastator,Blastmaster Boom,Augmented Elekk,Dyn-o-matic,58.19,HIGH
Militia Commander,Nightmare Amalgam,Twilight Drake,Zilliax,Clockwork Goblin,War Master Voone,Firetree Witchdoctor,Woodcutter's Axe,Smolderthorn Lancer,Dragon Roar,Emberscale Drake,Town Crier,Wrenchcalibur,Dr. Boom, Mad Genius,Shield Slam,Crowd Roaster,Darius Crowley,Blastmaster Boom,58.13,HIGH
Slam,Zilliax,Clockwork Goblin,Warpath,Omega Assembly,Eternium Rover,Rabid Worgen,Town Crier,Wrenchcalibur,Loot Hoarder,Dr. Boom, Mad Genius,Brawl,Darius Crowley,Omega Devastator,Archivist Elysiana,Blastmaster Boom,Augmented Elekk,Dyn-o-matic,58.13,HIGH
Direhorn Hatchling,Zilliax,Shield Block,Omega Assembly,Smolderthorn Lancer,Emberscale Drake,Eternium Rover,Stonehill Defender,Dr. Boom, Mad Genius,Brawl,Dragonmaw Scorcher,Supercollider,Shield Slam,Crowd Roaster,Baku the Mooneater,Reckless Flurry,Dyn-o-matic,58.12,HIGH
Slam,Militia Commander,Zilliax,Clockwork Goblin,Shield Block,Warpath,Omega Assembly,Seaforium Bomber,Eternium Rover,Town Crier,Wrenchcalibur,Dr. Boom, Mad Genius,Brawl,Shield Slam,Darius Crowley,Blastmaster Boom,Augmented Elekk,Dyn-o-matic,58.11,HIGH
Militia Commander,Clockwork Goblin,Zilliax,Shield Block,Warpath,Omega Assembly,Seaforium Bomber,Eternium Rover,Town Crier,Harrison Jones,Wrenchcalibur,Dr. Boom, Mad Genius,Brawl,Supercollider,Shield Slam,Archivist Elysiana,Blastmaster Boom,Dyn-o-matic,Augmented Elekk,58.11,HIGH
Direhorn Hatchling,Tar Creeper,Zilliax,Amani War Bear,Fire Plume's Heart,Shield Block,Stonehill Defender,Town Crier,Phantom Militia,Blackwald Pixie,Ironbeak Owl,Brawl,Supercollider,Shield Slam,Baku the Mooneater,Reckless Flurry,Dyn-o-matic,58.08,HIGH
Direhorn Hatchling,Zilliax,Shield Block,Omega Assembly,Smolderthorn Lancer,Emberscale Drake,Stonehill Defender,Dr. Boom, Mad Genius,Brawl,Dragonmaw Scorcher,Supercollider,Shield Slam,Crowd Roaster,Baku the Mooneater,Gluttonous Ooze,Tinkmaster Overspark,Reckless Flurry,Dyn-o-matic,58.07,HIGH
Militia Commander,Zilliax,Shield Block,Warpath,Omega Assembly,Eternium Rover,Acidic Swamp Ooze,Town Crier,Execute,Dr. Boom, Mad Genius,Brawl,Supercollider,Shield Slam,Hecklebot,Baleful Banker,Darius Crowley,Omega Devastator,Archivist Elysiana,Dyn-o-matic,58.05,HIGH
Zilliax,Shield Block,Acolyte of Pain,Warpath,Omega Assembly,Eternium Rover,Harrison Jones,Execute,Dr. Boom, Mad Genius,Brawl,Unseen Saboteur,Supercollider,Shield Slam,Hecklebot,Devastate,Omega Devastator,Archivist Elysiana,Weapons Project,Dyn-o-matic,58.02,HIGH
Slam,Clockwork Goblin,Zilliax,Shield Block,Acolyte of Pain,Warpath,Omega Assembly,Seaforium Bomber,Wrenchcalibur,Execute,Dr. Boom, Mad Genius,Brawl,Shield Slam,Omega Devastator,Blastmaster Boom,Augmented Elekk,Dyn-o-matic,58.02,HIGH
Slam,Clockwork Goblin,Zilliax,Improve Morale,Omega Assembly,Seaforium Bomber,Eternium Rover,Rabid Worgen,Town Crier,Wrenchcalibur,Dr. Boom, Mad Genius,Execute,Brawl,Darius Crowley,Omega Devastator,Archivist Elysiana,Blastmaster Boom,Dyn-o-matic,58.01,HIGH
Slam,Clockwork Goblin,Zilliax,Shield Block,Warpath,Omega Assembly,Eternium Rover,Wrenchcalibur,Execute,Dr. Boom, Mad Genius,Brawl,Supercollider,Shield Slam,Omega Devastator,Blastmaster Boom,Upgrade!,Augmented Elekk,Dyn-o-matic,58.0,HIGH
Militia Commander,Clockwork Goblin,Zilliax,Shield Block,Warpath,Omega Assembly,Eternium Rover,Town Crier,Wrenchcalibur,Execute,Dr. Boom, Mad Genius,Supercollider,Shield Slam,Omega Devastator,Blastmaster Boom,Augmented Elekk,Dyn-o-matic,57.98,HIGH
Direhorn Hatchling,Tar Creeper,Zilliax,Amani War Bear,Fire Plume's Heart,Shield Block,Stonehill Defender,Town Crier,Phantom Militia,Witchwood Grizzly,Blackwald Pixie,Brawl,Supercollider,Shield Slam,Baku the Mooneater,Oondasta,Reckless Flurry,Dyn-o-matic,57.95,HIGH
Slam,Zilliax,Clockwork Goblin,Warpath,Omega Assembly,Eternium Rover,Rabid Worgen,Town Crier,Wrenchcalibur,Loot Hoarder,Dr. Boom, Mad Genius,Brawl,Captain Greenskin,Darius Crowley,Omega Devastator,Archivist Elysiana,Blastmaster Boom,Dyn-o-matic,Augmented Elekk,57.92,HIGH
Slam,Clockwork Goblin,Zilliax,Shield Block,Improve Morale,Acolyte of Pain,Warpath,Omega Assembly,Alexstrasza,Seaforium Bomber,Wrenchcalibur,Dr. Boom, Mad Genius,Execute,Brawl,Shield Slam,Blastmaster Boom,Dyn-o-matic,Grommash Hellscream,57.9,MEDIUM
Slam,Militia Commander,Clockwork Goblin,Zilliax,Shield Block,Warpath,Omega Assembly,Seaforium Bomber,Eternium Rover,Acidic Swamp Ooze,Town Crier,Wrenchcalibur,Dr. Boom, Mad Genius,Brawl,Shield Slam,Archivist Elysiana,Blastmaster Boom,Augmented Elekk,Dyn-o-matic,57.89,MEDIUM
Slam,Clockwork Goblin,Zilliax,Shield Block,Warpath,Omega Assembly,Eternium Rover,Wrenchcalibur,Execute,Dr. Boom, Mad Genius,Brawl,Supercollider,Shield Slam,Omega Devastator,Blastmaster Boom,Upgrade!,Dyn-o-matic,Augmented Elekk,57.89,MEDIUM
Slam,Zilliax,Clockwork Goblin,Warpath,Omega Assembly,Seaforium Bomber,Eternium Rover,Rabid Worgen,Town Crier,Wrenchcalibur,Loot Hoarder,Dr. Boom, Mad Genius,Brawl,Captain Greenskin,Omega Devastator,Blastmaster Boom,Augmented Elekk,Dyn-o-matic,57.89,MEDIUM
Slam,Zilliax,Shield Block,Acolyte of Pain,Warpath,Omega Assembly,Eternium Rover,Harrison Jones,Execute,Dr. Boom, Mad Genius,Brawl,Unseen Saboteur,Supercollider,Shield Slam,Hecklebot,Omega Devastator,Archivist Elysiana,Weapons Project,Dyn-o-matic,57.89,MEDIUM
Slam,Militia Commander,Clockwork Goblin,Zilliax,Shield Block,Warpath,Omega Assembly,Seaforium Bomber,Eternium Rover,Town Crier,Wrenchcalibur,Dr. Boom, Mad Genius,Brawl,Shield Slam,Blastmaster Boom,Augmented Elekk,Dyn-o-matic,57.87,MEDIUM
Direhorn Hatchling,Tar Creeper,Zilliax,Amani War Bear,Fire Plume's Heart,Shield Block,Stonehill Defender,Town Crier,Phantom Militia,Witchwood Grizzly,Brawl,Supercollider,Shield Slam,Baku the Mooneater,Oondasta,Reckless Flurry,Dyn-o-matic,57.84,MEDIUM
Grommash Hellscream,Militia Commander,Zilliax,Clockwork Goblin,Kor'kron Elite,Woodcutter's Axe,Seaforium Bomber,Rabid Worgen,Town Crier,Akali, the Rhino,Wrenchcalibur,Dr. Boom, Mad Genius,Captain Greenskin,Sul'thraze,Frothing Berserker,Darius Crowley,Blastmaster Boom,Hungry Crab,Redband Wasp,57.84,MEDIUM
Slam,Zilliax,Clockwork Goblin,Shield Block,Warpath,Omega Assembly,Eternium Rover,Harrison Jones,Wrenchcalibur,Dr. Boom, Mad Genius,Execute,Brawl,Supercollider,Shield Slam,Omega Devastator,Archivist Elysiana,Blastmaster Boom,Dyn-o-matic,57.84,MEDIUM
Militia Commander,Zilliax,Shield Block,Warpath,Omega Assembly,Eternium Rover,Acidic Swamp Ooze,Town Crier,Harrison Jones,Dr. Boom, Mad Genius,Execute,Brawl,Supercollider,Shield Slam,Hecklebot,Darius Crowley,Omega Devastator,Archivist Elysiana,Dyn-o-matic,57.83,MEDIUM
Slam,Zilliax,Clockwork Goblin,Warpath,Omega Assembly,Seaforium Bomber,Eternium Rover,Town Crier,Harrison Jones,Wrenchcalibur,Loot Hoarder,Execute,Dr. Boom, Mad Genius,Brawl,Darius Crowley,Omega Devastator,Blastmaster Boom,Dyn-o-matic,Augmented Elekk,57.81,MEDIUM
Slam,Militia Commander,Clockwork Goblin,Zilliax,Warpath,Omega Assembly,Eternium Rover,Rabid Worgen,Town Crier,Wrenchcalibur,Loot Hoarder,Dr. Boom, Mad Genius,Brawl,Captain Greenskin,Omega Devastator,Blastmaster Boom,Dyn-o-matic,Augmented Elekk,57.8,MEDIUM
Slam,Clockwork Goblin,Zilliax,Warpath,Omega Assembly,Eternium Rover,Rabid Worgen,Town Crier,Wrenchcalibur,Loot Hoarder,Dr. Boom, Mad Genius,Brawl,Captain Greenskin,Omega Devastator,Blastmaster Boom,Augmented Elekk,Dyn-o-matic,57.78,MEDIUM
Slam,Zilliax,Clockwork Goblin,Shield Block,Warpath,Omega Assembly,Eternium Rover,Harrison Jones,Wrenchcalibur,Dr. Boom, Mad Genius,Execute,Brawl,Supercollider,Shield Slam,Omega Devastator,Archivist Elysiana,Blastmaster Boom,Dyn-o-matic,Augmented Elekk,57.75,MEDIUM
Zilliax,Shield Block,Acolyte of Pain,Warpath,Omega Assembly,Eternium Rover,Harrison Jones,Dr. Boom, Mad Genius,Brawl,Unseen Saboteur,Supercollider,Shield Slam,Hecklebot,Omega Devastator,Archivist Elysiana,Weapons Project,Dyn-o-matic,57.74,MEDIUM
Slam,Militia Commander,Doomsayer,Zilliax,Shield Block,Acolyte of Pain,Warpath,Omega Assembly,Eternium Rover,Town Crier,Archmage Vargoth,Baron Geddon,Execute,Dr. Boom, Mad Genius,Brawl,Shield Slam,Baleful Banker,Archivist Elysiana,Dyn-o-matic,57.74,MEDIUM
Clockwork Goblin,Zilliax,Vicious Scraphound,Shield Block,Acolyte of Pain,Warpath,Eternium Rover,Harrison Jones,Wrenchcalibur,Dr. Boom, Mad Genius,Brawl,Captain Greenskin,Supercollider,Shield Slam,Omega Devastator,Blastmaster Boom,Augmented Elekk,Dyn-o-matic,Grommash Hellscream,57.71,MEDIUM
Slam,Militia Commander,Zilliax,Clockwork Goblin,Warpath,Omega Assembly,Eternium Rover,Acidic Swamp Ooze,Town Crier,Wrenchcalibur,Loot Hoarder,Dr. Boom, Mad Genius,Brawl,Omega Devastator,Blastmaster Boom,Dyn-o-matic,Augmented Elekk,57.69,MEDIUM
Militia Commander,Zilliax,Clockwork Goblin,Kor'kron Elite,Woodcutter's Axe,Eternium Rover,Rabid Worgen,Town Crier,Wrenchcalibur,Dr. Boom, Mad Genius,Captain Greenskin,Sul'thraze,Hench-Clan Hogsteed,Frothing Berserker,Darius Crowley,Countess Ashmore,Blastmaster Boom,Upgrade!,Augmented Elekk,57.67,MEDIUM
Clockwork Goblin,Zilliax,Shield Block,Omega Assembly,Youthful Brewmaster,Seaforium Bomber,Eternium Rover,Rabid Worgen,Town Crier,Wrenchcalibur,Dr. Boom, Mad Genius,Brawl,Shield Slam,Darius Crowley,Blastmaster Boom,Gorehowl,Augmented Elekk,Dyn-o-matic,57.63,MEDIUM
Slam,Zilliax,Clockwork Goblin,Warpath,Omega Assembly,Eternium Rover,Acidic Swamp Ooze,Rabid Worgen,Town Crier,Wrenchcalibur,Loot Hoarder,Dr. Boom, Mad Genius,Brawl,Captain Greenskin,Darius Crowley,Omega Devastator,Blastmaster Boom,Dyn-o-matic,Augmented Elekk,57.61,MEDIUM
Slam,Clockwork Goblin,Zilliax,Shield Block,Improve Morale,Warpath,Omega Assembly,Eternium Rover,Harrison Jones,Wrenchcalibur,Dr. Boom, Mad Genius,Execute,Brawl,Shield Slam,Blastmaster Boom,Weapons Project,Upgrade!,Dyn-o-matic,57.61,MEDIUM
Direhorn Hatchling,Tar Creeper,Zilliax,Amani War Bear,Fire Plume's Heart,Shield Block,Stonehill Defender,Town Crier,Phantom Militia,Witchwood Grizzly,Blackwald Pixie,Brawl,Supercollider,Shield Slam,Baku the Mooneater,Oondasta,Reckless Flurry,Dyn-o-matic,57.58,MEDIUM
Direhorn Hatchling,Tar Creeper,Zilliax,Amani War Bear,Fire Plume's Heart,Shield Block,Stonehill Defender,Town Crier,Phantom Militia,Harrison Jones,Blackwald Pixie,Brawl,Supercollider,Shield Slam,Baku the Mooneater,Darius Crowley,Reckless Flurry,Dyn-o-matic,57.56,MEDIUM
Clockwork Goblin,Zilliax,Shield Block,Improve Morale,Acolyte of Pain,Warpath,Omega Assembly,Eternium Rover,Harrison Jones,Wrenchcalibur,Dr. Boom, Mad Genius,Execute,Shield Slam,Baleful Banker,Omega Devastator,Archivist Elysiana,Blastmaster Boom,Weapons Project,Dyn-o-matic,57.53,MEDIUM
Slam,Zilliax,Shield Block,Acolyte of Pain,Warpath,Omega Assembly,Eternium Rover,Harrison Jones,Execute,Dr. Boom, Mad Genius,Brawl,Supercollider,Shield Slam,Hecklebot,Baleful Banker,Omega Devastator,Archivist Elysiana,Weapons Project,Dyn-o-matic,57.51,MEDIUM
The Boomship,Slam,Militia Commander,Inner Rage,Whirlwind,Zilliax,Shield Block,Mecha'thun,Acolyte of Pain,Warpath,Eternium Rover,Town Crier,Harrison Jones,Dr. Boom, Mad Genius,Brawl,Shield Slam,Malygos,Weapons Project,Dyn-o-matic,57.5,MEDIUM
Slam,Tar Creeper,Fire Plume's Heart,Blood Razor,Shield Block,Acolyte of Pain,Warpath,Stonehill Defender,Primordial Drake,Phantom Militia,Drywhisker Armorer,Execute,Brawl,Rotten Applebaum,Saronite Chain Gang,The Lich King,Gluttonous Ooze,Reckless Flurry,57.44,MEDIUM
Militia Commander,Zilliax,Blood Razor,Scourgelord Garrosh,Kor'kron Elite,Spellbreaker,Eternium Rover,Rabid Worgen,Town Crier,Akali, the Rhino,Fungalmancer,Spirit of the Rhino,Prince Keleseth,Supercollider,Saronite Chain Gang,Frothing Berserker,The Lich King,Darius Crowley,Countess Ashmore,Dyn-o-matic,Grommash Hellscream,57.43,MEDIUM
Slam,Clockwork Goblin,Zilliax,Warpath,Omega Assembly,Seaforium Bomber,Eternium Rover,Rabid Worgen,Town Crier,Wrenchcalibur,Dr. Boom, Mad Genius,Brawl,Captain Greenskin,Darius Crowley,Omega Devastator,Blastmaster Boom,Augmented Elekk,Dyn-o-matic,57.41,MEDIUM
Zilliax,Shield Block,Acolyte of Pain,Warpath,Omega Assembly,Youthful Brewmaster,Eternium Rover,Harrison Jones,Execute,Dr. Boom, Mad Genius,Brawl,Supercollider,Shield Slam,Hecklebot,Omega Devastator,Archivist Elysiana,Weapons Project,Dyn-o-matic,57.36,MEDIUM
Direhorn Hatchling,Zilliax,Shield Block,Omega Assembly,Smolderthorn Lancer,Emberscale Drake,Stonehill Defender,Dr. Boom, Mad Genius,Brawl,Dragonmaw Scorcher,Supercollider,Shield Slam,Crowd Roaster,Baku the Mooneater,Tinkmaster Overspark,Reckless Flurry,Dyn-o-matic,57.35,MEDIUM
Slam,Zilliax,Clockwork Goblin,Warpath,Omega Assembly,Eternium Rover,Rabid Worgen,Town Crier,Wrenchcalibur,Loot Hoarder,Dr. Boom, Mad Genius,Brawl,Captain Greenskin,Darius Crowley,Omega Devastator,Blastmaster Boom,Augmented Elekk,Dyn-o-matic,57.34,MEDIUM
The Boomship,Slam,Militia Commander,Inner Rage,Whirlwind,Zilliax,Shield Block,Mecha'thun,Acolyte of Pain,Warpath,Town Crier,Harrison Jones,Execute,Dr. Boom, Mad Genius,Brawl,Battle Rage,Shield Slam,Malygos,Weapons Project,Dyn-o-matic,57.3,MEDIUM
Zilliax,Shield Block,Warpath,Omega Assembly,Youthful Brewmaster,Rabid Worgen,Acidic Swamp Ooze,Town Crier,Akali, the Rhino,Wrenchcalibur,Execute,Dr. Boom, Mad Genius,Brawl,Shield Slam,Darius Crowley,Omega Devastator,Archivist Elysiana,Blastmaster Boom,Dyn-o-matic,57.27,MEDIUM
Slam,Militia Commander,Zilliax,Clockwork Goblin,Shield Block,Warpath,Omega Assembly,Seaforium Bomber,Eternium Rover,Town Crier,Wrenchcalibur,Dr. Boom, Mad Genius,Brawl,Shield Slam,Archivist Elysiana,Blastmaster Boom,Augmented Elekk,Dyn-o-matic,57.26,MEDIUM
Zilliax,Shield Block,Acolyte of Pain,Warpath,Omega Assembly,Eternium Rover,Harrison Jones,Execute,Dr. Boom, Mad Genius,Brawl,Unseen Saboteur,Supercollider,Shield Slam,Hecklebot,Omega Devastator,Archivist Elysiana,Weapons Project,Dyn-o-matic,57.24,MEDIUM
Slam,Militia Commander,Clockwork Goblin,Zilliax,Shield Block,Warpath,Omega Assembly,Seaforium Bomber,Eternium Rover,Town Crier,Harrison Jones,Wrenchcalibur,Dr. Boom, Mad Genius,Brawl,Shield Slam,Archivist Elysiana,Blastmaster Boom,Dyn-o-matic,Augmented Elekk,57.22,MEDIUM
Slam,Clockwork Goblin,Zilliax,Warpath,Omega Assembly,Eternium Rover,Town Crier,Wrenchcalibur,Loot Hoarder,Dr. Boom, Mad Genius,Brawl,Captain Greenskin,Darius Crowley,Omega Devastator,Archivist Elysiana,Blastmaster Boom,Augmented Elekk,Dyn-o-matic,57.17,MEDIUM
Direhorn Hatchling,Zilliax,Shield Block,Omega Assembly,Smolderthorn Lancer,Emberscale Drake,Stonehill Defender,Dr. Boom, Mad Genius,Brawl,Dragonmaw Scorcher,Supercollider,Shield Slam,Crowd Roaster,Baku the Mooneater,Gluttonous Ooze,Reckless Flurry,Dyn-o-matic,57.17,MEDIUM
Slam,Clockwork Goblin,Zilliax,Shield Block,Warpath,Omega Assembly,Eternium Rover,Acidic Swamp Ooze,Wrenchcalibur,Dr. Boom, Mad Genius,Execute,Brawl,Supercollider,Shield Slam,Omega Devastator,Archivist Elysiana,Blastmaster Boom,Upgrade!,Dyn-o-matic,Augmented Elekk,57.14,MEDIUM
Slam,Clockwork Goblin,Zilliax,Warpath,Omega Assembly,Seaforium Bomber,Eternium Rover,Rabid Worgen,Town Crier,Wrenchcalibur,Loot Hoarder,Dr. Boom, Mad Genius,Brawl,Omega Devastator,Blastmaster Boom,Augmented Elekk,Dyn-o-matic,57.1,MEDIUM
Militia Commander,Zilliax,Shield Block,Acolyte of Pain,Warpath,Omega Assembly,Rabid Worgen,Town Crier,Harrison Jones,Dr. Boom, Mad Genius,Execute,Brawl,Supercollider,Shield Slam,Baleful Banker,Darius Crowley,Archivist Elysiana,Weapons Project,Dyn-o-matic,57.04,MEDIUM
Slam,Zilliax,Clockwork Goblin,Shield Block,Warpath,Omega Assembly,Eternium Rover,Wrenchcalibur,Execute,Dr. Boom, Mad Genius,Brawl,Captain Greenskin,Supercollider,Shield Slam,Omega Devastator,Archivist Elysiana,Blastmaster Boom,Dyn-o-matic,Augmented Elekk,56.96,MEDIUM
Direhorn Hatchling,Big Game Hunter,Zilliax,Shield Block,Omega Assembly,Faceless Manipulator,Stonehill Defender,Zola the Gorgon,Elise the Trailblazer,Ironbeak Owl,Dr. Boom, Mad Genius,Brawl,Carnivorous Cube,Supercollider,Shield Slam,Baku the Mooneater,Gluttonous Ooze,Reckless Flurry,Dyn-o-matic,56.94,MEDIUM
Slam,Militia Commander,Zilliax,Clockwork Goblin,Shield Block,Warpath,Omega Assembly,Seaforium Bomber,Eternium Rover,Acidic Swamp Ooze,Town Crier,Wrenchcalibur,Dr. Boom, Mad Genius,Brawl,Shield Slam,Blastmaster Boom,Augmented Elekk,Dyn-o-matic,56.89,MEDIUM
Slam,Zilliax,Shield Block,Acolyte of Pain,Warpath,Omega Assembly,Eternium Rover,Harrison Jones,Dr. Boom, Mad Genius,Brawl,Supercollider,Shield Slam,Hecklebot,Baleful Banker,Devastate,Omega Devastator,Archivist Elysiana,Weapons Project,Dyn-o-matic,56.88,MEDIUM
Slam,Clockwork Goblin,Zilliax,Warpath,Omega Assembly,Eternium Rover,Acidic Swamp Ooze,Rabid Worgen,Town Crier,Wrenchcalibur,Loot Hoarder,Dr. Boom, Mad Genius,Brawl,Captain Greenskin,Darius Crowley,Omega Devastator,Blastmaster Boom,Dyn-o-matic,Augmented Elekk,56.83,MEDIUM
Slam,Clockwork Goblin,Zilliax,Warpath,Omega Assembly,Eternium Rover,Rabid Worgen,Town Crier,Wrenchcalibur,Loot Hoarder,Dr. Boom, Mad Genius,Brawl,Captain Greenskin,Darius Crowley,Omega Devastator,Archivist Elysiana,Blastmaster Boom,Dyn-o-matic,Augmented Elekk,56.83,MEDIUM
Zilliax,Shield Block,Acolyte of Pain,Warpath,Omega Assembly,Youthful Brewmaster,Eternium Rover,Harrison Jones,Baron Geddon,Dr. Boom, Mad Genius,Brawl,Supercollider,Shield Slam,Hecklebot,Omega Devastator,Archivist Elysiana,Weapons Project,The Black Knight,Dyn-o-matic,56.79,MEDIUM
Slam,Clockwork Goblin,Zilliax,Warpath,Omega Assembly,Eternium Rover,Rabid Worgen,Town Crier,Wrenchcalibur,Loot Hoarder,Dr. Boom, Mad Genius,Brawl,Captain Greenskin,Darius Crowley,Omega Devastator,Archivist Elysiana,Blastmaster Boom,Augmented Elekk,Dyn-o-matic,56.77,MEDIUM
Slam,Zilliax,Shield Block,Acolyte of Pain,Warpath,Omega Assembly,Youthful Brewmaster,Eternium Rover,Harrison Jones,Dr. Boom, Mad Genius,Brawl,Supercollider,Shield Slam,Hecklebot,Devastate,Omega Devastator,Archivist Elysiana,Weapons Project,Dyn-o-matic,56.77,MEDIUM
Slam,Zilliax,Shield Block,Acolyte of Pain,Warpath,Omega Assembly,Eternium Rover,Harrison Jones,Execute,Dr. Boom, Mad Genius,Brawl,Supercollider,Shield Slam,Hecklebot,Baleful Banker,Omega Devastator,Archivist Elysiana,Weapons Project,Dyn-o-matic,56.75,MEDIUM
Slam,Zilliax,Shield Block,Acolyte of Pain,Warpath,Omega Assembly,Eternium Rover,Harrison Jones,Dr. Boom, Mad Genius,Brawl,Unseen Saboteur,Supercollider,Shield Slam,Hecklebot,Devastate,Omega Devastator,Archivist Elysiana,Weapons Project,Dyn-o-matic,56.74,MEDIUM
Slam,Militia Commander,Zilliax,Clockwork Goblin,Shield Block,Warpath,Omega Assembly,Seaforium Bomber,Eternium Rover,Town Crier,Wrenchcalibur,Dr. Boom, Mad Genius,Brawl,Shield Slam,Darius Crowley,Archivist Elysiana,Blastmaster Boom,Augmented Elekk,Dyn-o-matic,56.72,MEDIUM
Direhorn Hatchling,Zilliax,Shield Block,Omega Assembly,Smolderthorn Lancer,Emberscale Drake,Stonehill Defender,Ironbeak Owl,Dr. Boom, Mad Genius,Brawl,Dragonmaw Scorcher,Supercollider,Shield Slam,Crowd Roaster,Baku the Mooneater,Gluttonous Ooze,Reckless Flurry,Dyn-o-matic,56.7,MEDIUM
Direhorn Hatchling,Tar Creeper,Zilliax,Amani War Bear,Fire Plume's Heart,Shield Block,Stonehill Defender,Town Crier,Phantom Militia,Blackwald Pixie,Brawl,Supercollider,Shield Slam,Baku the Mooneater,Gluttonous Ooze,Reckless Flurry,Dyn-o-matic,56.7,MEDIUM
Slam,Zilliax,Shield Block,Acolyte of Pain,Warpath,Omega Assembly,Eternium Rover,Harrison Jones,Dr. Boom, Mad Genius,Execute,Brawl,Supercollider,Shield Slam,Hecklebot,Omega Devastator,Archivist Elysiana,Weapons Project,Dyn-o-matic,56.69,MEDIUM
Slam,Militia Commander,Zilliax,Clockwork Goblin,Shield Block,Warpath,Omega Assembly,Seaforium Bomber,Eternium Rover,Acidic Swamp Ooze,Town Crier,Wrenchcalibur,Dr. Boom, Mad Genius,Brawl,Shield Slam,Archivist Elysiana,Blastmaster Boom,Augmented Elekk,Dyn-o-matic,56.67,MEDIUM
Slam,Militia Commander,Zilliax,Amani War Bear,Fire Plume's Heart,Blood Razor,Shield Block,Scourgelord Garrosh,Acolyte of Pain,Warpath,Stonehill Defender,Cornered Sentry,Town Crier,Phantom Militia,Drywhisker Armorer,Execute,Brawl,Shield Slam,56.66,MEDIUM
Militia Commander,Zilliax,Shield Block,Acolyte of Pain,Warpath,Omega Assembly,Eternium Rover,Dr. Boom's Scheme,Town Crier,Harrison Jones,Baron Geddon,Dr. Boom, Mad Genius,Brawl,Supercollider,Shield Slam,Darius Crowley,Omega Devastator,Archivist Elysiana,Weapons Project,Dyn-o-matic,56.66,MEDIUM
Zilliax,Shield Block,Omega Assembly,Smolderthorn Lancer,Alexstrasza,Emberscale Drake,Eternium Rover,Stonehill Defender,Dr. Boom, Mad Genius,Brawl,Dragonmaw Scorcher,Supercollider,Shield Slam,Crowd Roaster,Baku the Mooneater,Reckless Flurry,Dyn-o-matic,56.62,MEDIUM
Militia Commander,Clockwork Goblin,Zilliax,Shield Block,Warpath,Omega Assembly,Seaforium Bomber,Eternium Rover,Acidic Swamp Ooze,Town Crier,Wrenchcalibur,Dr. Boom, Mad Genius,Brawl,Shield Slam,Archivist Elysiana,Blastmaster Boom,Augmented Elekk,Dyn-o-matic,56.62,MEDIUM
Zilliax,Shield Block,Omega Assembly,Smolderthorn Lancer,Emberscale Drake,Eternium Rover,Stonehill Defender,Dr. Boom, Mad Genius,Brawl,Dragonmaw Scorcher,Supercollider,Shield Slam,Crowd Roaster,Baku the Mooneater,Gluttonous Ooze,Reckless Flurry,Dyn-o-matic,56.61,MEDIUM
Slam,Zilliax,Clockwork Goblin,Warpath,Omega Assembly,Eternium Rover,Rabid Worgen,Town Crier,Wrenchcalibur,Loot Hoarder,Dr. Boom, Mad Genius,Brawl,Captain Greenskin,Darius Crowley,Omega Devastator,Archivist Elysiana,Blastmaster Boom,Augmented Elekk,Dyn-o-matic,56.6,MEDIUM
Zilliax,Shield Block,Acolyte of Pain,Warpath,Omega Assembly,Eternium Rover,Harrison Jones,Dr. Boom, Mad Genius,Execute,Brawl,Unseen Saboteur,Supercollider,Shield Slam,Hecklebot,Omega Devastator,Archivist Elysiana,Weapons Project,Dyn-o-matic,56.58,MEDIUM
Direhorn Hatchling,Tar Creeper,Zilliax,Amani War Bear,Fire Plume's Heart,Shield Block,Stonehill Defender,Town Crier,Phantom Militia,Blackwald Pixie,Ironbeak Owl,Brawl,Supercollider,Shield Slam,Baku the Mooneater,Gluttonous Ooze,Reckless Flurry,Dyn-o-matic,56.57,MEDIUM
Militia Commander,Clockwork Goblin,Zilliax,Shield Block,Warpath,Omega Assembly,Seaforium Bomber,Eternium Rover,Town Crier,Wrenchcalibur,Execute,Dr. Boom, Mad Genius,Brawl,Supercollider,Shield Slam,Archivist Elysiana,Blastmaster Boom,Dyn-o-matic,Augmented Elekk,56.56,MEDIUM
Slam,Zilliax,Clockwork Goblin,Warpath,Omega Assembly,Eternium Rover,Rabid Worgen,Town Crier,Wrenchcalibur,Loot Hoarder,Dr. Boom, Mad Genius,Brawl,Captain Greenskin,Darius Crowley,Omega Devastator,Archivist Elysiana,Blastmaster Boom,Dyn-o-matic,Augmented Elekk,56.52,MEDIUM
Zilliax,Shield Block,Acolyte of Pain,Warpath,Omega Assembly,Youthful Brewmaster,Eternium Rover,Harrison Jones,Baron Geddon,Dr. Boom, Mad Genius,Brawl,Supercollider,Shield Slam,Hecklebot,Omega Devastator,Archivist Elysiana,Weapons Project,Dyn-o-matic,56.52,MEDIUM
Militia Commander,Zilliax,Shield Block,Warpath,Omega Assembly,Town Crier,Harrison Jones,Execute,Dr. Boom, Mad Genius,Brawl,Supercollider,Shield Slam,Hecklebot,Baleful Banker,Darius Crowley,Omega Devastator,Archivist Elysiana,Weapons Project,Dyn-o-matic,56.51,MEDIUM
Slam,Zilliax,Clockwork Goblin,Warpath,Omega Assembly,Eternium Rover,Rabid Worgen,Town Crier,Wrenchcalibur,Loot Hoarder,Dr. Boom, Mad Genius,Brawl,Captain Greenskin,Darius Crowley,Omega Devastator,Archivist Elysiana,Blastmaster Boom,Dyn-o-matic,Augmented Elekk,56.47,MEDIUM
Zilliax,Shield Block,Acolyte of Pain,Warpath,Omega Assembly,Eternium Rover,Harrison Jones,Execute,Dr. Boom, Mad Genius,Brawl,Unseen Saboteur,Supercollider,Shield Slam,Hecklebot,Baleful Banker,Tinkmaster Overspark,Omega Devastator,E.M.P. Operative,Archivist Elysiana,Weapons Project,Dyn-o-matic,56.41,MEDIUM
Clockwork Goblin,Zilliax,Shield Block,Acolyte of Pain,Warpath,Omega Assembly,Eternium Rover,Harrison Jones,Wrenchcalibur,Execute,Dr. Boom, Mad Genius,Brawl,Supercollider,Shield Slam,Weapons Project,Blastmaster Boom,Augmented Elekk,Dyn-o-matic,Grommash Hellscream,56.4,MEDIUM
Direhorn Hatchling,Zilliax,Shield Block,Omega Assembly,Smolderthorn Lancer,Emberscale Drake,Stonehill Defender,Ironbeak Owl,Dr. Boom, Mad Genius,Brawl,Dragonmaw Scorcher,Supercollider,Shield Slam,Crowd Roaster,Baku the Mooneater,Gluttonous Ooze,Reckless Flurry,Dyn-o-matic,56.35,MEDIUM
Direhorn Hatchling,Tar Creeper,Zilliax,Amani War Bear,Fire Plume's Heart,Shield Block,Stonehill Defender,Town Crier,Phantom Militia,Harrison Jones,Blackwald Pixie,Brawl,Supercollider,Shield Slam,Baku the Mooneater,Reckless Flurry,Dyn-o-matic,56.33,MEDIUM
Doomsayer,Zilliax,Shield Block,Acolyte of Pain,Warpath,Omega Assembly,Youthful Brewmaster,Eternium Rover,Harrison Jones,Dr. Boom, Mad Genius,Brawl,Supercollider,Shield Slam,Hecklebot,Devastate,Omega Devastator,Archivist Elysiana,Weapons Project,Dyn-o-matic,56.28,MEDIUM
Militia Commander,Zilliax,Shield Block,Acolyte of Pain,Warpath,Omega Assembly,Rabid Worgen,Town Crier,Harrison Jones,Execute,Dr. Boom, Mad Genius,Brawl,Supercollider,Shield Slam,Hecklebot,Archivist Elysiana,Weapons Project,Dyn-o-matic,56.27,MEDIUM
Direhorn Hatchling,Zilliax,Shield Block,Omega Assembly,Smolderthorn Lancer,Emberscale Drake,Stonehill Defender,Dr. Boom, Mad Genius,Brawl,Dragonmaw Scorcher,Supercollider,Shield Slam,Crowd Roaster,Baku the Mooneater,Ysera,Gluttonous Ooze,Reckless Flurry,Dyn-o-matic,56.26,MEDIUM
Slam,Militia Commander,Zilliax,Clockwork Goblin,Shield Block,Warpath,Omega Assembly,Seaforium Bomber,Eternium Rover,Town Crier,Wrenchcalibur,Dr. Boom, Mad Genius,Brawl,Shield Slam,Omega Devastator,Archivist Elysiana,Blastmaster Boom,Augmented Elekk,Dyn-o-matic,56.21,MEDIUM
Slam,Clockwork Goblin,Zilliax,Warpath,Omega Assembly,Eternium Rover,Acidic Swamp Ooze,Rabid Worgen,Town Crier,Wrenchcalibur,Loot Hoarder,Dr. Boom, Mad Genius,Brawl,Captain Greenskin,Darius Crowley,Omega Devastator,Blastmaster Boom,Dyn-o-matic,Augmented Elekk,56.19,MEDIUM
Cairne Bloodhoof,Militia Commander,Clockwork Goblin,Zilliax,Kor'kron Elite,Woodcutter's Axe,Eternium Rover,Rabid Worgen,Town Crier,Akali, the Rhino,Wrenchcalibur,EVIL Cable Rat,Hench-Clan Hogsteed,Frothing Berserker,Darius Crowley,Countess Ashmore,Blastmaster Boom,Augmented Elekk,56.16,MEDIUM
Slam,Zilliax,Shield Block,Acolyte of Pain,Warpath,Omega Assembly,Eternium Rover,Harrison Jones,Dr. Boom, Mad Genius,Brawl,Unseen Saboteur,Supercollider,Shield Slam,Hecklebot,Baleful Banker,Omega Devastator,Archivist Elysiana,Weapons Project,Dyn-o-matic,56.15,MEDIUM
Slam,Zilliax,Shield Block,Acolyte of Pain,Warpath,Omega Assembly,Eternium Rover,Harrison Jones,Dr. Boom, Mad Genius,Execute,Brawl,Supercollider,Shield Slam,Hecklebot,Devastate,Omega Devastator,Archivist Elysiana,Weapons Project,Dyn-o-matic,56.14,MEDIUM
Slam,Militia Commander,Doomsayer,Zilliax,Shield Block,Acolyte of Pain,Warpath,Omega Assembly,Eternium Rover,Town Crier,Archmage Vargoth,Dr. Boom, Mad Genius,Execute,Brawl,Battle Rage,Shield Slam,Baleful Banker,Archivist Elysiana,Dyn-o-matic,56.11,MEDIUM
Militia Commander,Clockwork Goblin,Zilliax,Shield Block,Warpath,Omega Assembly,Seaforium Bomber,Eternium Rover,Town Crier,Wrenchcalibur,Execute,Dr. Boom, Mad Genius,Brawl,Shield Slam,Archivist Elysiana,Blastmaster Boom,Augmented Elekk,Dyn-o-matic,56.11,MEDIUM
Shield Block,Improve Morale,Acolyte of Pain,Warpath,Omega Assembly,Smolderthorn Lancer,Dragon Roar,Emberscale Drake,Harrison Jones,Dr. Boom, Mad Genius,Brawl,Dragonmaw Scorcher,Supercollider,Shield Slam,Crowd Roaster,Archivist Elysiana,Dyn-o-matic,56.09,MEDIUM
Zilliax,Shield Block,Omega Assembly,Smolderthorn Lancer,Emberscale Drake,Eternium Rover,Stonehill Defender,Ironbeak Owl,Dr. Boom, Mad Genius,Brawl,Dragonmaw Scorcher,Supercollider,Shield Slam,Crowd Roaster,Baku the Mooneater,Ysera,Reckless Flurry,Dyn-o-matic,56.09,MEDIUM
Zilliax,Shield Block,Acolyte of Pain,Warpath,Omega Assembly,Youthful Brewmaster,Eternium Rover,Harrison Jones,Dr. Boom, Mad Genius,Brawl,Unseen Saboteur,Supercollider,Shield Slam,Hecklebot,Omega Devastator,Archivist Elysiana,Weapons Project,Dyn-o-matic,55.9,MEDIUM
Whirlwind,Zilliax,Shield Block,Improve Morale,Acolyte of Pain,Warpath,Spellbreaker,Omega Assembly,Harrison Jones,Archmage Vargoth,Baron Geddon,Dr. Boom, Mad Genius,Execute,Brawl,Shield Slam,Baleful Banker,Archivist Elysiana,Weapons Project,Dyn-o-matic,55.9,MEDIUM
Clockwork Goblin,Zilliax,Shield Block,Acolyte of Pain,Warpath,Omega Assembly,Eternium Rover,Acidic Swamp Ooze,Wrenchcalibur,Execute,Dr. Boom, Mad Genius,Brawl,Hecklebot,Wargear,Omega Devastator,Blastmaster Boom,Dyn-o-matic,Augmented Elekk,55.89,MEDIUM
Zilliax,Shield Block,Acolyte of Pain,Warpath,Omega Assembly,Youthful Brewmaster,Eternium Rover,Harrison Jones,Dr. Boom, Mad Genius,Brawl,Unseen Saboteur,Supercollider,Shield Slam,Hecklebot,Devastate,Omega Devastator,Archivist Elysiana,Weapons Project,Dyn-o-matic,55.89,MEDIUM
Slam,Militia Commander,Clockwork Goblin,Zilliax,Shield Block,Warpath,Omega Assembly,Eternium Rover,Acidic Swamp Ooze,Town Crier,Wrenchcalibur,Loot Hoarder,Dr. Boom, Mad Genius,Brawl,Omega Devastator,Mossy Horror,Blastmaster Boom,Dyn-o-matic,Augmented Elekk,55.79,MEDIUM
Direhorn Hatchling,Tar Creeper,Zilliax,Amani War Bear,Fire Plume's Heart,Shield Block,Stonehill Defender,Town Crier,Phantom Militia,Harrison Jones,Blackwald Pixie,Ironbeak Owl,Brawl,Supercollider,Shield Slam,Baku the Mooneater,Reckless Flurry,Dyn-o-matic,55.77,MEDIUM
Militia Commander,Zilliax,Blood Razor,Scourgelord Garrosh,Kor'kron Elite,Acolyte of Pain,Spellbreaker,Eternium Rover,Rabid Worgen,Town Crier,Akali, the Rhino,Fungalmancer,Spirit of the Rhino,Sul'thraze,Prince Keleseth,Saronite Chain Gang,Frothing Berserker,The Lich King,Darius Crowley,Dyn-o-matic,Grommash Hellscream,55.74,MEDIUM
Direhorn Hatchling,Zilliax,Shield Block,Omega Assembly,Smolderthorn Lancer,Emberscale Drake,Faceless Manipulator,Stonehill Defender,Ironbeak Owl,Dr. Boom, Mad Genius,Brawl,Dragonmaw Scorcher,Supercollider,Shield Slam,Crowd Roaster,Baku the Mooneater,Reckless Flurry,Dyn-o-matic,55.73,MEDIUM
Clockwork Goblin,Zilliax,Firetree Witchdoctor,Omega Assembly,Smolderthorn Lancer,Dragon Roar,Emberscale Drake,Town Crier,Wrenchcalibur,Dr. Boom, Mad Genius,Brawl,Dragonmaw Scorcher,Supercollider,Shield Slam,Crowd Roaster,Barista Lynchen,Ysera,Blastmaster Boom,Dyn-o-matic,55.67,MEDIUM
Slam,Zilliax,Shield Block,Acolyte of Pain,Warpath,Omega Assembly,Youthful Brewmaster,Eternium Rover,Harrison Jones,Dr. Boom, Mad Genius,Brawl,Unseen Saboteur,Supercollider,Shield Slam,Hecklebot,Devastate,Omega Devastator,Archivist Elysiana,Weapons Project,Dyn-o-matic,55.65,MEDIUM
Militia Commander,Zilliax,Clockwork Goblin,Shield Block,Warpath,Omega Assembly,Seaforium Bomber,Eternium Rover,Town Crier,Wrenchcalibur,Dr. Boom, Mad Genius,Brawl,Supercollider,Shield Slam,Archivist Elysiana,Blastmaster Boom,Dyn-o-matic,Augmented Elekk,55.58,MEDIUM
Slam,Clockwork Goblin,Zilliax,Shield Block,Acolyte of Pain,Warpath,Omega Assembly,Eternium Rover,Wrenchcalibur,Dr. Boom, Mad Genius,Brawl,Supercollider,Shield Slam,Omega Devastator,Archivist Elysiana,Blastmaster Boom,Upgrade!,Dyn-o-matic,Augmented Elekk,55.57,MEDIUM
Zilliax,Shield Block,Improve Morale,Acolyte of Pain,Warpath,Omega Assembly,Eternium Rover,Harrison Jones,Dr. Boom, Mad Genius,Brawl,Supercollider,Shield Slam,Hecklebot,Baleful Banker,Barista Lynchen,Omega Devastator,Archivist Elysiana,Weapons Project,Dyn-o-matic,55.57,MEDIUM
Zilliax,Shield Block,Omega Assembly,Smolderthorn Lancer,Emberscale Drake,Eternium Rover,Stonehill Defender,Dr. Boom, Mad Genius,Brawl,Dragonmaw Scorcher,Supercollider,Shield Slam,Crowd Roaster,Baku the Mooneater,Ysera,Gluttonous Ooze,Reckless Flurry,Dyn-o-matic,55.56,MEDIUM
Zilliax,Shield Block,Acolyte of Pain,Warpath,Omega Assembly,Eternium Rover,Harrison Jones,Dr. Boom, Mad Genius,Brawl,Unseen Saboteur,Supercollider,Shield Slam,Hecklebot,Devastate,Omega Devastator,Archivist Elysiana,Weapons Project,Dyn-o-matic,55.54,MEDIUM
Militia Commander,Clockwork Goblin,Zilliax,Improve Morale,Acolyte of Pain,Warpath,Omega Assembly,Seaforium Bomber,Town Crier,Harrison Jones,Wrenchcalibur,Dr. Boom, Mad Genius,Execute,Brawl,Omega Devastator,Blastmaster Boom,Augmented Elekk,Dyn-o-matic,55.53,MEDIUM
Militia Commander,Nightmare Amalgam,Clockwork Goblin,Zilliax,War Master Voone,Firetree Witchdoctor,Woodcutter's Axe,Smolderthorn Lancer,Dragon Roar,Emberscale Drake,Town Crier,Wrenchcalibur,Dr. Boom, Mad Genius,Dragonmaw Scorcher,Shield Slam,Crowd Roaster,Ysera,Darius Crowley,Blastmaster Boom,55.51,MEDIUM
Zilliax,Shield Block,Firetree Witchdoctor,Warpath,Omega Assembly,Smolderthorn Lancer,Dragon Roar,Emberscale Drake,Harrison Jones,Execute,Dr. Boom, Mad Genius,Brawl,Supercollider,Shield Slam,Scaleworm,Crowd Roaster,Archivist Elysiana,Weapons Project,Dyn-o-matic,55.48,MEDIUM
Slam,Militia Commander,Clockwork Goblin,Zilliax,Shield Block,Warpath,Omega Assembly,Seaforium Bomber,Eternium Rover,Town Crier,Wrenchcalibur,Dr. Boom, Mad Genius,Brawl,Captain Greenskin,Shield Slam,Archivist Elysiana,Blastmaster Boom,Augmented Elekk,Dyn-o-matic,55.4,MEDIUM
Slam,Militia Commander,Zilliax,Clockwork Goblin,Shield Block,Warpath,Omega Assembly,Seaforium Bomber,Eternium Rover,Acidic Swamp Ooze,Wrenchcalibur,Dr. Boom, Mad Genius,Brawl,Shield Slam,Archivist Elysiana,Blastmaster Boom,Augmented Elekk,Dyn-o-matic,55.38,MEDIUM
The Boomship,Slam,Militia Commander,Inner Rage,Whirlwind,Zilliax,Shield Block,Mecha'thun,Acolyte of Pain,Warpath,Town Crier,Harrison Jones,Dr. Boom, Mad Genius,Brawl,Battle Rage,Shield Slam,Malygos,Weapons Project,Dyn-o-matic,55.34,LOW
Slam,Zilliax,Clockwork Goblin,Warpath,Omega Assembly,Eternium Rover,Rabid Worgen,Town Crier,Wrenchcalibur,Loot Hoarder,Dr. Boom, Mad Genius,Brawl,Captain Greenskin,Omega Devastator,Archivist Elysiana,Blastmaster Boom,Augmented Elekk,Dyn-o-matic,55.32,LOW
Slam,Militia Commander,Zilliax,Shield Block,Acolyte of Pain,Warpath,Omega Assembly,Youthful Brewmaster,Eternium Rover,Town Crier,Harrison Jones,Execute,Dr. Boom, Mad Genius,Brawl,Shield Slam,Hecklebot,Omega Devastator,Archivist Elysiana,Dyn-o-matic,55.26,LOW
Direhorn Hatchling,Big Game Hunter,Zilliax,Shield Block,Omega Assembly,Faceless Manipulator,Stonehill Defender,Zola the Gorgon,Ironbeak Owl,Dr. Boom, Mad Genius,Brawl,Carnivorous Cube,Supercollider,Shield Slam,Baku the Mooneater,Gluttonous Ooze,Reckless Flurry,Dyn-o-matic,55.19,LOW
Zilliax,Shield Block,Acolyte of Pain,Warpath,Omega Assembly,Eternium Rover,Harrison Jones,Dr. Boom, Mad Genius,Brawl,Unseen Saboteur,Supercollider,Shield Slam,Hecklebot,Baleful Banker,Devastate,Omega Devastator,Archivist Elysiana,Weapons Project,Dyn-o-matic,55.18,LOW
Zilliax,Shield Block,Acolyte of Pain,Warpath,Omega Assembly,Youthful Brewmaster,Eternium Rover,Harrison Jones,Dr. Boom, Mad Genius,Execute,Brawl,Supercollider,Shield Slam,Hecklebot,Omega Devastator,Archivist Elysiana,Weapons Project,Dyn-o-matic,55.17,LOW
Direhorn Hatchling,Big Game Hunter,Zilliax,Shield Block,Omega Assembly,Eternium Rover,Faceless Manipulator,Stonehill Defender,Ironbeak Owl,Dr. Boom, Mad Genius,Brawl,Carnivorous Cube,Supercollider,Shield Slam,Baku the Mooneater,Tinkmaster Overspark,Reckless Flurry,Dyn-o-matic,55.16,LOW
The Boomship,Slam,Inner Rage,Whirlwind,Zilliax,Blood Razor,Shield Block,Mecha'thun,Acolyte of Pain,Warpath,Eternium Rover,Harrison Jones,Loot Hoarder,Dr. Boom, Mad Genius,Brawl,Supercollider,Shield Slam,Malygos,Weapons Project,Dyn-o-matic,55.08,LOW
Slam,Militia Commander,Zilliax,Clockwork Goblin,Shield Block,Warpath,Omega Assembly,Seaforium Bomber,Eternium Rover,Town Crier,Wrenchcalibur,Dr. Boom, Mad Genius,Brawl,Captain Greenskin,Shield Slam,Blastmaster Boom,Dyn-o-matic,Augmented Elekk,55.08,LOW
Militia Commander,Zilliax,Shield Block,Acolyte of Pain,Warpath,Omega Assembly,Eternium Rover,Town Crier,Harrison Jones,Dr. Boom, Mad Genius,Brawl,Supercollider,Shield Slam,Hecklebot,Baleful Banker,Omega Devastator,Archivist Elysiana,Weapons Project,Dyn-o-matic,55.07,LOW
Slam,Militia Commander,Clockwork Goblin,Zilliax,Shield Block,Warpath,Omega Assembly,Eternium Rover,Town Crier,Wrenchcalibur,Dr. Boom, Mad Genius,Brawl,Shield Slam,Baleful Banker,Omega Devastator,Archivist Elysiana,Weapons Project,Blastmaster Boom,Augmented Elekk,Dyn-o-matic,55.04,LOW
Militia Commander,Clockwork Goblin,Zilliax,Shield Block,Warpath,Omega Assembly,Seaforium Bomber,Eternium Rover,Town Crier,Harrison Jones,Wrenchcalibur,Dr. Boom, Mad Genius,Brawl,Shield Slam,Archivist Elysiana,Blastmaster Boom,Augmented Elekk,Dyn-o-matic,55.01,LOW
Slam,Militia Commander,Clockwork Goblin,Zilliax,Shield Block,Warpath,Omega Assembly,Seaforium Bomber,Eternium Rover,Town Crier,Wrenchcalibur,Execute,Dr. Boom, Mad Genius,Brawl,Shield Slam,Archivist Elysiana,Blastmaster Boom,Augmented Elekk,Dyn-o-matic,55.0,LOW
Slam,Militia Commander,Clockwork Goblin,Zilliax,Shield Block,Warpath,Omega Assembly,Eternium Rover,Wrenchcalibur,Execute,Dr. Boom, Mad Genius,Brawl,Supercollider,Shield Slam,Hecklebot,Archivist Elysiana,Weapons Project,Blastmaster Boom,Dyn-o-matic,55.0,LOW
Slam,Zilliax,Shield Block,Acolyte of Pain,Warpath,Omega Assembly,Acidic Swamp Ooze,Ironbeak Owl,Execute,Dr. Boom, Mad Genius,Brawl,Supercollider,Shield Slam,Hecklebot,Omega Devastator,Archivist Elysiana,Weapons Project,Dyn-o-matic,Grommash Hellscream,54.91,LOW
Zilliax,Shield Block,Acolyte of Pain,Warpath,Omega Assembly,Eternium Rover,Harrison Jones,Execute,Dr. Boom, Mad Genius,Brawl,Unseen Saboteur,Supercollider,Shield Slam,Hecklebot,Baleful Banker,Omega Devastator,Archivist Elysiana,Weapons Project,Dyn-o-matic,54.88,LOW
Militia Commander,Zilliax,Shield Block,Acolyte of Pain,Warpath,Omega Assembly,Eternium Rover,Town Crier,Harrison Jones,Execute,Dr. Boom, Mad Genius,Brawl,Unseen Saboteur,Supercollider,Shield Slam,Hecklebot,Archivist Elysiana,Weapons Project,Dyn-o-matic,54.87,LOW
Slam,Militia Commander,Clockwork Goblin,Zilliax,Shield Block,Warpath,Omega Assembly,Eternium Rover,Town Crier,Wrenchcalibur,Dr. Boom, Mad Genius,Brawl,Shield Slam,Omega Devastator,Blastmaster Boom,Dyn-o-matic,Augmented Elekk,Grommash Hellscream,54.86,LOW
Clockwork Goblin,Zilliax,Shield Block,Acolyte of Pain,Spellbreaker,Warpath,Omega Assembly,Eternium Rover,Acidic Swamp Ooze,Wrenchcalibur,Dr. Boom, Mad Genius,Execute,Brawl,Hecklebot,Wargear,Omega Devastator,Blastmaster Boom,Augmented Elekk,Dyn-o-matic,54.75,LOW
Zilliax,Shield Block,Acolyte of Pain,Warpath,Omega Assembly,Eternium Rover,Acidic Swamp Ooze,Dr. Boom, Mad Genius,Brawl,Unseen Saboteur,Supercollider,Shield Slam,Hecklebot,Devastate,Omega Devastator,Archivist Elysiana,Weapons Project,Dyn-o-matic,54.62,LOW
Zilliax,Shield Block,Acolyte of Pain,Warpath,Omega Assembly,Eternium Rover,Harrison Jones,Execute,Dr. Boom, Mad Genius,Brawl,Unseen Saboteur,Supercollider,Shield Slam,Hecklebot,Baleful Banker,Omega Devastator,Archivist Elysiana,Weapons Project,Dyn-o-matic,54.61,LOW
Slam,Zilliax,Shield Block,Acolyte of Pain,Warpath,Omega Assembly,Eternium Rover,Acidic Swamp Ooze,Dr. Boom, Mad Genius,Brawl,Unseen Saboteur,Supercollider,Shield Slam,Hecklebot,Devastate,Omega Devastator,Archivist Elysiana,Weapons Project,Dyn-o-matic,54.55,LOW
Direhorn Hatchling,Tar Creeper,Zilliax,Fire Plume's Heart,Shield Block,Smolderthorn Lancer,Emberscale Drake,Stonehill Defender,Phantom Militia,Brawl,Dragonmaw Scorcher,Supercollider,Shield Slam,Crowd Roaster,Baku the Mooneater,Gluttonous Ooze,Reckless Flurry,54.53,LOW
Direhorn Hatchling,Big Game Hunter,Zilliax,Shield Block,Omega Assembly,Faceless Manipulator,Stonehill Defender,Zola the Gorgon,Ironbeak Owl,Dr. Boom, Mad Genius,Brawl,Carnivorous Cube,Supercollider,Shield Slam,Baku the Mooneater,Gluttonous Ooze,Tinkmaster Overspark,Reckless Flurry,Dyn-o-matic,54.52,LOW
The Boomship,Slam,Militia Commander,Inner Rage,Whirlwind,Zilliax,Blood Razor,Shield Block,Mecha'thun,Acolyte of Pain,Warpath,Eternium Rover,Town Crier,Harrison Jones,Dr. Boom, Mad Genius,Brawl,Battle Rage,Shield Slam,Malygos,Weapons Project,Dyn-o-matic,54.46,LOW
Zilliax,Shield Block,Omega Assembly,Smolderthorn Lancer,Emberscale Drake,Stonehill Defender,Ironbeak Owl,Dr. Boom, Mad Genius,Brawl,Dragonmaw Scorcher,Supercollider,Shield Slam,Crowd Roaster,Baku the Mooneater,Ysera,Gluttonous Ooze,Reckless Flurry,Dyn-o-matic,54.46,LOW
Slam,Zilliax,Amani War Bear,Fire Plume's Heart,Blood Razor,Shield Block,Scourgelord Garrosh,Acolyte of Pain,Warpath,Stonehill Defender,Cornered Sentry,Phantom Militia,Drywhisker Armorer,Execute,Brawl,Shield Slam,Saronite Chain Gang,54.35,LOW
Direhorn Hatchling,Big Game Hunter,Zilliax,Shield Block,Omega Assembly,Leeroy Jenkins,Eternium Rover,Faceless Manipulator,Stonehill Defender,Elise the Trailblazer,Ironbeak Owl,Dr. Boom, Mad Genius,Brawl,Carnivorous Cube,Supercollider,Shield Slam,Baku the Mooneater,Gluttonous Ooze,Reckless Flurry,Dyn-o-matic,54.29,LOW
Militia Commander,Zilliax,Shield Block,Acolyte of Pain,Warpath,Omega Assembly,Eternium Rover,Town Crier,Harrison Jones,Dr. Boom, Mad Genius,Execute,Brawl,Supercollider,Shield Slam,Hecklebot,Baleful Banker,Archivist Elysiana,Weapons Project,Dyn-o-matic,54.18,LOW
Zilliax,Shield Block,Firetree Witchdoctor,Warpath,Omega Assembly,Smolderthorn Lancer,Dragon Roar,Emberscale Drake,Dr. Boom, Mad Genius,Supercollider,Shield Slam,Scaleworm,Crowd Roaster,Ysera,Omega Devastator,Archivist Elysiana,Weapons Project,Dyn-o-matic,54.04,LOW
Zilliax,Shield Block,Acolyte of Pain,Warpath,Omega Assembly,Youthful Brewmaster,Eternium Rover,Harrison Jones,Dr. Boom, Mad Genius,Brawl,Supercollider,Shield Slam,Hecklebot,Omega Devastator,Archivist Elysiana,Weapons Project,The Black Knight,Dyn-o-matic,54.02,LOW
Grommash Hellscream,Militia Commander,Zilliax,Amani War Bear,Blood Razor,Scourgelord Garrosh,Kor'kron Elite,Spellbreaker,Eternium Rover,Rabid Worgen,Town Crier,Akali, the Rhino,Mountainfire Armor,Sul'thraze,Prince Keleseth,Frothing Berserker,The Lich King,Darius Crowley,Countess Ashmore,Mojomaster Zihi,53.95,LOW
Militia Commander,Clockwork Goblin,Zilliax,Shield Block,Warpath,Omega Assembly,Seaforium Bomber,Eternium Rover,Town Crier,Wrenchcalibur,Dr. Boom, Mad Genius,Brawl,Shield Slam,Archivist Elysiana,Blastmaster Boom,Weapons Project,Dyn-o-matic,Augmented Elekk,53.81,LOW
Direhorn Hatchling,Big Game Hunter,Zilliax,Shield Block,Omega Assembly,Eternium Rover,Faceless Manipulator,Stonehill Defender,Ironbeak Owl,Dr. Boom, Mad Genius,Brawl,Carnivorous Cube,Supercollider,Shield Slam,Baku the Mooneater,Reckless Flurry,Dyn-o-matic,53.79,LOW
Direhorn Hatchling,Big Game Hunter,Zilliax,Shield Block,Omega Assembly,Eternium Rover,Faceless Manipulator,Stonehill Defender,Ironbeak Owl,Dr. Boom, Mad Genius,Brawl,Carnivorous Cube,Supercollider,Shield Slam,Baku the Mooneater,Gluttonous Ooze,Reckless Flurry,Dyn-o-matic,53.78,LOW
Tar Creeper,Zilliax,Amani War Bear,Fire Plume's Heart,Shield Block,Stonehill Defender,Town Crier,Phantom Militia,Witchwood Grizzly,Blackwald Pixie,Ironbeak Owl,Brawl,Supercollider,Shield Slam,Baku the Mooneater,Reckless Flurry,Dyn-o-matic,53.78,LOW
Slam,Zilliax,Shield Block,Acolyte of Pain,Warpath,Omega Assembly,Harrison Jones,Ironbeak Owl,Execute,Dr. Boom, Mad Genius,Brawl,Supercollider,Shield Slam,Hecklebot,Omega Devastator,Archivist Elysiana,Weapons Project,Dyn-o-matic,Grommash Hellscream,53.74,LOW
Militia Commander,Clockwork Goblin,Zilliax,Warpath,Omega Assembly,Dragon Roar,Seaforium Bomber,Town Crier,Wrenchcalibur,Execute,Dr. Boom, Mad Genius,Brawl,Supercollider,Blastmaster Boom,Upgrade!,Augmented Elekk,Dyn-o-matic,53.73,LOW
Clockwork Goblin,Zilliax,Shield Block,Warpath,Omega Assembly,Youthful Brewmaster,Seaforium Bomber,Eternium Rover,Wrenchcalibur,Execute,Dr. Boom, Mad Genius,Brawl,Shield Slam,Omega Devastator,Archivist Elysiana,Blastmaster Boom,Weapons Project,Augmented Elekk,Dyn-o-matic,53.64,LOW
Direhorn Hatchling,Big Game Hunter,Zilliax,Shield Block,Omega Assembly,Faceless Manipulator,Stonehill Defender,Zola the Gorgon,Ironbeak Owl,Dr. Boom, Mad Genius,Brawl,Carnivorous Cube,Supercollider,Shield Slam,Baku the Mooneater,Tinkmaster Overspark,Reckless Flurry,Dyn-o-matic,53.63,LOW
Zilliax,Shield Block,Firetree Witchdoctor,Warpath,Omega Assembly,Smolderthorn Lancer,Dragon Roar,Emberscale Drake,Harrison Jones,Execute,Dr. Boom, Mad Genius,Brawl,Supercollider,Shield Slam,Hecklebot,Crowd Roaster,Archivist Elysiana,Dyn-o-matic,53.59,LOW
Zilliax,Shield Block,Warpath,Omega Assembly,Smolderthorn Lancer,Dragon Roar,Emberscale Drake,Harrison Jones,Dr. Boom, Mad Genius,Brawl,Supercollider,Shield Slam,Baleful Banker,Crowd Roaster,Omega Devastator,Archivist Elysiana,Weapons Project,Dyn-o-matic,53.58,LOW
Slam,Zilliax,Shield Block,Acolyte of Pain,Warpath,Omega Assembly,Harrison Jones,Ironbeak Owl,Execute,Dr. Boom, Mad Genius,Brawl,Unseen Saboteur,Supercollider,Shield Slam,Hecklebot,Baleful Banker,Omega Devastator,Archivist Elysiana,Weapons Project,Dyn-o-matic,53.41,LOW
Big Game Hunter,Clockwork Goblin,Zilliax,Shield Block,Acolyte of Pain,Warpath,Omega Assembly,Harrison Jones,Wrenchcalibur,Execute,Dr. Boom, Mad Genius,Brawl,Supercollider,Shield Slam,Hecklebot,Archivist Elysiana,Blastmaster Boom,Dyn-o-matic,53.37,LOW
Slam,Zilliax,Shield Block,Acolyte of Pain,Warpath,Omega Assembly,Harrison Jones,Ironbeak Owl,Dr. Boom, Mad Genius,Execute,Brawl,Unseen Saboteur,Supercollider,Shield Slam,Hecklebot,Omega Devastator,Archivist Elysiana,Weapons Project,Dyn-o-matic,53.35,LOW
Militia Commander,Zilliax,Shield Block,Acolyte of Pain,Warpath,Omega Assembly,Town Crier,Harrison Jones,Dr. Boom, Mad Genius,Execute,Brawl,Supercollider,Shield Slam,Hecklebot,Baleful Banker,Darius Crowley,Archivist Elysiana,Weapons Project,Dyn-o-matic,53.34,LOW
Grommash Hellscream,Militia Commander,Vicious Fledgling,Zilliax,Amani War Bear,Blood Razor,Scourgelord Garrosh,Kor'kron Elite,Spellbreaker,Eternium Rover,Rabid Worgen,Town Crier,Akali, the Rhino,Cobalt Scalebane,Sul'thraze,Prince Keleseth,Frothing Berserker,The Lich King,Darius Crowley,Countess Ashmore,Mojomaster Zihi,53.33,LOW
Zilliax,Shield Block,Acolyte of Pain,Warpath,Omega Assembly,Eternium Rover,Harrison Jones,Dr. Boom, Mad Genius,Brawl,Unseen Saboteur,Supercollider,Shield Slam,Hecklebot,Baleful Banker,Devastate,Omega Devastator,Archivist Elysiana,Weapons Project,Dyn-o-matic,53.23,LOW
Militia Commander,Twilight Drake,Zilliax,Shield Block,Warpath,Omega Assembly,Emberscale Drake,Town Crier,Harrison Jones,Dr. Boom, Mad Genius,Brawl,Shield Slam,Crowd Roaster,Baleful Banker,Darius Crowley,Archivist Elysiana,Weapons Project,Dyn-o-matic,53.14,LOW
Direhorn Hatchling,Big Game Hunter,Zilliax,Shield Block,Omega Assembly,Leeroy Jenkins,Faceless Manipulator,Zola the Gorgon,Elise the Trailblazer,Ironbeak Owl,Dr. Boom, Mad Genius,Brawl,Carnivorous Cube,Supercollider,Shield Slam,Baku the Mooneater,Gluttonous Ooze,Tinkmaster Overspark,Reckless Flurry,Dyn-o-matic,53.13,LOW
Slam,Clockwork Goblin,Zilliax,Warpath,Omega Assembly,Seaforium Bomber,Eternium Rover,Rabid Worgen,Town Crier,Wrenchcalibur,Loot Hoarder,Dr. Boom, Mad Genius,Brawl,Captain Greenskin,Darius Crowley,Omega Devastator,Blastmaster Boom,Dyn-o-matic,Augmented Elekk,53.11,LOW
Militia Commander,Clockwork Goblin,Zilliax,Shield Block,Warpath,Omega Assembly,Seaforium Bomber,Eternium Rover,Town Crier,Wrenchcalibur,Dr. Boom, Mad Genius,Brawl,Shield Slam,Archivist Elysiana,Blastmaster Boom,Weapons Project,Dyn-o-matic,Augmented Elekk,53.08,LOW
Zilliax,Shield Block,Warpath,Omega Assembly,Dragon Roar,Emberscale Drake,Harrison Jones,Dr. Boom, Mad Genius,Brawl,Dragonmaw Scorcher,Supercollider,Shield Slam,Hecklebot,Crowd Roaster,Baleful Banker,Omega Devastator,Archivist Elysiana,Weapons Project,Dyn-o-matic,53.06,LOW
Slam,Zilliax,Shield Block,Acolyte of Pain,Warpath,Omega Assembly,Harrison Jones,Ironbeak Owl,Dr. Boom, Mad Genius,Execute,Brawl,Supercollider,Shield Slam,Hecklebot,Baleful Banker,Omega Devastator,Archivist Elysiana,Weapons Project,Dyn-o-matic,52.99,LOW
Militia Commander,Zilliax,Shield Block,Acolyte of Pain,Warpath,Omega Assembly,Rabid Worgen,Town Crier,Harrison Jones,Dr. Boom, Mad Genius,Execute,Brawl,Supercollider,Shield Slam,Hecklebot,Archivist Elysiana,Weapons Project,Dyn-o-matic,52.97,LOW
Direhorn Hatchling,Zilliax,Shield Block,Omega Assembly,Eternium Rover,Faceless Manipulator,Devilsaur Egg,Stonehill Defender,Dr. Boom, Mad Genius,Brawl,Carnivorous Cube,Supercollider,Shield Slam,Baku the Mooneater,Gluttonous Ooze,Tinkmaster Overspark,Reckless Flurry,Dyn-o-matic,52.86,LOW
Direhorn Hatchling,Zilliax,Shield Block,Omega Assembly,Smolderthorn Lancer,Emberscale Drake,Stonehill Defender,Dr. Boom, Mad Genius,Brawl,Dragonmaw Scorcher,Supercollider,Shield Slam,Crowd Roaster,Baku the Mooneater,Ysera,Reckless Flurry,Dyn-o-matic,52.85,LOW
Zilliax,Shield Block,Acolyte of Pain,Warpath,Omega Assembly,Eternium Rover,Harrison Jones,Dr. Boom, Mad Genius,Brawl,Unseen Saboteur,Supercollider,Shield Slam,Hecklebot,Baleful Banker,Omega Devastator,Archivist Elysiana,Weapons Project,Dyn-o-matic,52.83,LOW
Slam,Militia Commander,Replicating Menace,Clockwork Goblin,Zilliax,Kor'kron Elite,Omega Assembly,Eternium Rover,Acidic Swamp Ooze,Town Crier,Wrenchcalibur,Dr. Boom, Mad Genius,Darius Crowley,Wargear,Blastmaster Boom,Augmented Elekk,Dyn-o-matic,52.63,LOW
Grommash Hellscream,Militia Commander,Whirlwind,Clockwork Goblin,Improve Morale,Woodcutter's Axe,Acolyte of Pain,Eternium Rover,Rabid Worgen,Town Crier,Wrenchcalibur,Battle Rage,Frothing Berserker,Darius Crowley,Omega Devastator,Armorsmith,Blastmaster Boom,52.47,LOW
Slam,Zilliax,Shield Block,Acolyte of Pain,Warpath,Omega Assembly,Youthful Brewmaster,Eternium Rover,Harrison Jones,Dr. Boom, Mad Genius,Brawl,Unseen Saboteur,Supercollider,Shield Slam,Hecklebot,Omega Devastator,Archivist Elysiana,Weapons Project,Dyn-o-matic,52.23,LOW
Direhorn Hatchling,Big Game Hunter,Zilliax,Shield Block,Omega Assembly,Eternium Rover,Faceless Manipulator,Stonehill Defender,Ironbeak Owl,Dr. Boom, Mad Genius,Brawl,Carnivorous Cube,Supercollider,Shield Slam,Baku the Mooneater,Gluttonous Ooze,Tinkmaster Overspark,Reckless Flurry,Dyn-o-matic,52.12,LOW
Direhorn Hatchling,Zilliax,Shield Block,Omega Assembly,Faceless Manipulator,Stonehill Defender,Zola the Gorgon,Elise the Trailblazer,Ironbeak Owl,Dr. Boom, Mad Genius,Brawl,Carnivorous Cube,Supercollider,Shield Slam,Baku the Mooneater,Gluttonous Ooze,Tinkmaster Overspark,Reckless Flurry,Dyn-o-matic,52.11,LOW
Militia Commander,Zilliax,Clockwork Goblin,Shield Block,Warpath,Omega Assembly,Seaforium Bomber,Eternium Rover,Town Crier,Wrenchcalibur,Dr. Boom, Mad Genius,Brawl,Shield Slam,Baleful Banker,Archivist Elysiana,Blastmaster Boom,Augmented Elekk,Dyn-o-matic,52.1,LOW
Bull Dozer,Grommash Hellscream,Deathwing,The Boomship,Slam,Shield Block,Dimensional Ripper,Warpath,Omega Assembly,Dragon Roar,Archmage Vargoth,Damaged Stegotron,Dr. Boom, Mad Genius,Execute,Brawl,Shield Slam,Fiery War Axe,Ysera,Weapons Project,The Boom Reaver,51.86,LOW
Zilliax,Shield Block,Acolyte of Pain,Warpath,Omega Assembly,Youthful Brewmaster,Eternium Rover,Harrison Jones,Dr. Boom, Mad Genius,Brawl,Unseen Saboteur,Supercollider,Shield Slam,Hecklebot,Omega Devastator,Archivist Elysiana,Weapons Project,Chef Nomi,Dyn-o-matic,51.81,LOW
Deathwing,The Boomship,Slam,Woecleaver,Blood Razor,Shield Block,Warpath,Omega Assembly,Gather Your Party,Damaged Stegotron,Forge of Souls,Dr. Boom, Mad Genius,Execute,Geosculptor Yip,Shield Slam,The Lich King,Ysera,Devastate,Iron Hide,Weapons Project,51.65,LOW
Slam,Zilliax,Shield Block,Acolyte of Pain,Warpath,Omega Assembly,Eternium Rover,Harrison Jones,Dr. Boom, Mad Genius,Brawl,Unseen Saboteur,Supercollider,Shield Slam,Hecklebot,Baleful Banker,Devastate,Omega Devastator,Archivist Elysiana,Weapons Project,Dyn-o-matic,51.36,LOW
Direhorn Hatchling,Zilliax,Omega Assembly,Smolderthorn Lancer,Emberscale Drake,Stonehill Defender,Elise the Trailblazer,Dr. Boom, Mad Genius,Brawl,Dragonmaw Scorcher,Supercollider,Shield Slam,Crowd Roaster,Baku the Mooneater,Ysera,Gluttonous Ooze,Tinkmaster Overspark,Reckless Flurry,Dyn-o-matic,51.33,LOW
Slam,Militia Commander,Whirlwind,Zilliax,Clockwork Goblin,Improve Morale,Kor'kron Elite,Town Crier,Wrenchcalibur,Execute,Dr. Boom, Mad Genius,Battle Rage,Captain Greenskin,Darius Crowley,Armorsmith,Blastmaster Boom,Augmented Elekk,Dyn-o-matic,Grommash Hellscream,51.26,LOW
Zilliax,Shield Block,Acolyte of Pain,Warpath,Omega Assembly,Youthful Brewmaster,Eternium Rover,Harrison Jones,Dr. Boom, Mad Genius,Brawl,Unseen Saboteur,Supercollider,Shield Slam,Hecklebot,Omega Devastator,Archivist Elysiana,Weapons Project,Dyn-o-matic,51.26,LOW
Grommash Hellscream,Militia Commander,Whirlwind,Clockwork Goblin,Improve Morale,Kor'kron Elite,Woodcutter's Axe,Acolyte of Pain,Eternium Rover,Rabid Worgen,Town Crier,Wrenchcalibur,Battle Rage,Frothing Berserker,Darius Crowley,Armorsmith,Blastmaster Boom,51.15,LOW
Slam,Zilliax,Shield Block,Acolyte of Pain,Warpath,Omega Assembly,Acidic Swamp Ooze,Harrison Jones,Dr. Boom, Mad Genius,Execute,Brawl,Supercollider,Shield Slam,Hecklebot,Baleful Banker,Omega Devastator,Archivist Elysiana,Weapons Project,Dyn-o-matic,51.15,LOW
Direhorn Hatchling,Big Game Hunter,Zilliax,Shield Block,Omega Assembly,Faceless Manipulator,Stonehill Defender,Zola the Gorgon,Azalina Soulthief,Ironbeak Owl,Dr. Boom, Mad Genius,Brawl,Carnivorous Cube,Supercollider,Shield Slam,Baku the Mooneater,Gluttonous Ooze,Reckless Flurry,Dyn-o-matic,51.12,LOW
Slam,Zilliax,Shield Block,Acolyte of Pain,Warpath,Omega Assembly,Youthful Brewmaster,Eternium Rover,Acidic Swamp Ooze,Dr. Boom, Mad Genius,Brawl,Supercollider,Shield Slam,Hecklebot,Devastate,Omega Devastator,Archivist Elysiana,Weapons Project,Dyn-o-matic,50.9,LOW
Zilliax,Shield Block,Acolyte of Pain,Warpath,Omega Assembly,Youthful Brewmaster,Eternium Rover,Acidic Swamp Ooze,Dr. Boom, Mad Genius,Execute,Brawl,Supercollider,Shield Slam,Hecklebot,Omega Devastator,Archivist Elysiana,Weapons Project,Dyn-o-matic,50.88,LOW
Direhorn Hatchling,Zilliax,Shield Block,Omega Assembly,Eternium Rover,Faceless Manipulator,Stonehill Defender,Zola the Gorgon,Mind Control Tech,Ironbeak Owl,Dr. Boom, Mad Genius,Brawl,Carnivorous Cube,Supercollider,Shield Slam,Baku the Mooneater,Gluttonous Ooze,Reckless Flurry,Dyn-o-matic,50.71,LOW
Zilliax,Shield Block,Firetree Witchdoctor,Warpath,Omega Assembly,Smolderthorn Lancer,Dragon Roar,Emberscale Drake,Execute,Dr. Boom, Mad Genius,Brawl,Dragonmaw Scorcher,Supercollider,Shield Slam,Scaleworm,Baleful Banker,Crowd Roaster,Archivist Elysiana,50.59,LOW
Slam,Zilliax,Shield Block,Acolyte of Pain,Warpath,Omega Assembly,Acidic Swamp Ooze,Ironbeak Owl,Execute,Dr. Boom, Mad Genius,Brawl,Unseen Saboteur,Supercollider,Shield Slam,Hecklebot,Omega Devastator,Archivist Elysiana,Weapons Project,Dyn-o-matic,50.59,LOW
Militia Commander,Zilliax,Clockwork Goblin,Improve Morale,Acolyte of Pain,Warpath,Omega Assembly,Eternium Rover,Town Crier,Harrison Jones,Wrenchcalibur,Loot Hoarder,Execute,Dr. Boom, Mad Genius,Weapons Project,Blastmaster Boom,Dyn-o-matic,Augmented Elekk,50.52,LOW
Bull Dozer,Grommash Hellscream,The Boomship,Slam,Zilliax,Shield Block,Dimensional Ripper,Warpath,Omega Assembly,Dragon Roar,Archmage Vargoth,Damaged Stegotron,Execute,Dr. Boom, Mad Genius,Brawl,Shield Slam,Weapons Project,The Boom Reaver,50.44,LOW
Slam,Zilliax,Shield Block,Warpath,Omega Assembly,Dragon Roar,Emberscale Drake,Eternium Rover,Harrison Jones,Dr. Boom, Mad Genius,Execute,Brawl,Supercollider,Shield Slam,Hecklebot,Devastate,Archivist Elysiana,Weapons Project,Dyn-o-matic,50.4,LOW
Direhorn Hatchling,Zilliax,Shield Block,Omega Assembly,Faceless Manipulator,Stonehill Defender,Harrison Jones,Ironbeak Owl,Dr. Boom, Mad Genius,Brawl,Carnivorous Cube,Supercollider,Shield Slam,Baku the Mooneater,Fiery War Axe,Gluttonous Ooze,Reckless Flurry,Dyn-o-matic,50.29,LOW
Grommash Hellscream,The Boomship,Militia Commander,Zilliax,Blood Razor,Kor'kron Elite,Saronite Taskmaster,Acolyte of Pain,Spiteful Summoner,Rabid Worgen,Town Crier,Akali, the Rhino,Lesser Mithril Spellstone,Sul'thraze,Prince Keleseth,Saronite Chain Gang,Frothing Berserker,Arathi Weaponsmith,The Lich King,Darius Crowley,49.88,LOW
Grommash Hellscream,Bull Dozer,The Boomship,Deathwing,Slam,Shield Block,Improve Morale,Warpath,Omega Assembly,Dragon Roar,Archmage Vargoth,Dr. Boom, Mad Genius,Execute,Brawl,Shield Slam,Fiery War Axe,Ysera,Weapons Project,The Boom Reaver,49.75,LOW
Direhorn Hatchling,Big Game Hunter,Zilliax,Omega Assembly,Faceless Manipulator,Stonehill Defender,Zola the Gorgon,Elise the Trailblazer,Ironbeak Owl,Dr. Boom, Mad Genius,Brawl,Carnivorous Cube,Supercollider,Shield Slam,Baku the Mooneater,Gluttonous Ooze,Tinkmaster Overspark,Reckless Flurry,Dyn-o-matic,49.45,LOW
Grommash Hellscream,Nightmare Amalgam,Zilliax,Blood Razor,War Master Voone,Firetree Witchdoctor,Warpath,Smolderthorn Lancer,Dragon Roar,Emberscale Drake,Eternium Rover,Town Crier,Dragonmaw Scorcher,Sul'thraze,Shield Slam,Scaleworm,Crowd Roaster,Frothing Berserker,Ysera,Darius Crowley,49.42,LOW
Grommash Hellscream,The Boomship,Militia Commander,Zilliax,Blood Razor,Kor'kron Elite,Spiteful Summoner,Acolyte of Pain,Eternium Rover,Rabid Worgen,Town Crier,Akali, the Rhino,Lesser Mithril Spellstone,Sul'thraze,Prince Keleseth,Saronite Chain Gang,Frothing Berserker,Arathi Weaponsmith,The Lich King,Darius Crowley,49.25,LOW
Grommash Hellscream,Nightmare Amalgam,Zilliax,Blood Razor,War Master Voone,Firetree Witchdoctor,Warpath,Smolderthorn Lancer,Dragon Roar,Emberscale Drake,Eternium Rover,Dragonmaw Scorcher,Battle Rage,Shield Slam,Scaleworm,Crowd Roaster,Frothing Berserker,Ysera,48.45,LOW
Militia Commander,Zilliax,Shield Block,Improve Morale,Acolyte of Pain,Warpath,Omega Assembly,Rabid Worgen,Acidic Swamp Ooze,Town Crier,Execute,Dr. Boom, Mad Genius,Brawl,Unseen Saboteur,Supercollider,Shield Slam,Hecklebot,Archivist Elysiana,Weapons Project,Dyn-o-matic,48.1,LOW
Direhorn Hatchling,Big Game Hunter,Zilliax,Omega Assembly,Faceless Manipulator,Stonehill Defender,Zola the Gorgon,Azalina Soulthief,Ironbeak Owl,Dr. Boom, Mad Genius,Brawl,Carnivorous Cube,Supercollider,Shield Slam,Baku the Mooneater,Gluttonous Ooze,Tinkmaster Overspark,Reckless Flurry,Dyn-o-matic,48.05,LOW
Amani Berserker,Clockwork Goblin,Ticket Scalper,Kor'kron Elite,Leeroy Jenkins,Southsea Deckhand,Heroic Strike,Wrenchcalibur,Southsea Captain,Battle Rage,Dread Corsair,Captain Greenskin,Bloodsail Raider,Frothing Berserker,Fiery War Axe,Blastmaster Boom,Upgrade!,47.99,LOW
The Boomship,Militia Commander,Zilliax,Hakkar, the Soulflayer,Blood Razor,Shield Block,Firetree Witchdoctor,Omega Assembly,Dragon Roar,Emberscale Drake,Town Crier,Explore Un'Goro,Dr. Boom, Mad Genius,Brawl,Supercollider,Shield Slam,Crowd Roaster,Darius Crowley,Dyn-o-matic,47.97,LOW
Militia Commander,Zilliax,Blood Razor,War Master Voone,Firetree Witchdoctor,Heavy Metal!,Smolderthorn Lancer,Dragon Roar,Emberscale Drake,Rabid Worgen,Akali, the Rhino,Mountainfire Armor,Dragonmaw Scorcher,Shield Slam,Geosculptor Yip,Crowd Roaster,Ysera,Darius Crowley,Armorsmith,47.42,LOW
Slam,Militia Commander,Zilliax,Blood Razor,Shield Block,Acolyte of Pain,Warpath,Omega Assembly,Dead Man's Hand,Eternium Rover,Cornered Sentry,Town Crier,Execute,Dr. Boom, Mad Genius,Brawl,Battle Rage,Shield Slam,Dyn-o-matic,47.41,LOW
Grommash Hellscream,The Boomship,Slam,Whirlwind,Zilliax,Amani War Bear,Shield Block,Dimensional Ripper,Warpath,Akali, the Rhino,Witchwood Grizzly,Dr. Boom, Mad Genius,Execute,Brawl,Supercollider,Shield Slam,Sweeping Strikes,Oondasta,The Boom Reaver,47.34,LOW
Grommash Hellscream,Militia Commander,Nightmare Amalgam,Zilliax,Blood Razor,War Master Voone,Firetree Witchdoctor,Woodcutter's Axe,Smolderthorn Lancer,Dragon Roar,Emberscale Drake,Town Crier,Dragonmaw Scorcher,Shield Slam,Crowd Roaster,Frothing Berserker,Ysera,Darius Crowley,47.1,LOW
The Boomship,Slam,Twilight Drake,Blood Razor,War Master Voone,Shield Block,Firetree Witchdoctor,Smolderthorn Lancer,Dragon Roar,Emberscale Drake,Eternium Rover,Primordial Drake,Execute,Dr. Boom, Mad Genius,Brawl,Dragonmaw Scorcher,Shield Slam,Crowd Roaster,Ysera,47.02,LOW
Slam,Militia Commander,Clockwork Goblin,Zilliax,Improve Morale,Acolyte of Pain,Omega Assembly,Town Crier,Harrison Jones,Wrenchcalibur,Execute,Dr. Boom, Mad Genius,Battle Rage,Archivist Elysiana,Weapons Project,Blastmaster Boom,Upgrade!,Dyn-o-matic,Augmented Elekk,46.77,LOW
Slam,Militia Commander,Zilliax,Shield Block,Jepetto Joybuzz,Mecha'thun,Acolyte of Pain,Warpath,Galvanizer,Eternium Rover,Rabid Worgen,Town Crier,Execute,Dr. Boom, Mad Genius,Brawl,Shield Slam,Devastate,Weapons Project,46.54,LOW
Slam,Zilliax,Shield Block,Acolyte of Pain,Warpath,Omega Assembly,Youthful Brewmaster,Harrison Jones,Dr. Boom, Mad Genius,Execute,Brawl,Unseen Saboteur,Supercollider,Shield Slam,Hecklebot,Omega Devastator,Archivist Elysiana,Weapons Project,Dyn-o-matic,46.5,LOW
Grommash Hellscream,Slam,Woecleaver,Blood Razor,Scourgelord Garrosh,Heavy Metal!,Warpath,Unidentified Shield,Gather Your Party,Archmage Vargoth,Damaged Stegotron,Forge of Souls,Execute,Rotface,Geosculptor Yip,Bring It On!,The Lich King,Genn Greymane,Weapons Project,46.46,LOW
Grommash Hellscream,Bull Dozer,Deathwing,The Boomship,Slam,Whirlwind,Shield Block,Dimensional Ripper,Warpath,Omega Assembly,Dragon Roar,Dr. Boom's Scheme,Archmage Vargoth,Damaged Stegotron,Dr. Boom, Mad Genius,Execute,Brawl,Shield Slam,Fiery War Axe,Ysera,Weapons Project,The Boom Reaver,46.27,LOW
Blood Razor,War Master Voone,Shield Block,Firetree Witchdoctor,Acolyte of Pain,Warpath,Smolderthorn Lancer,Dragon Roar,Emberscale Drake,Primordial Drake,Harrison Jones,Dragonmaw Scorcher,Shield Slam,Scaleworm,Crowd Roaster,Ysera,Devastate,Weapons Project,45.6,LOW
Nightmare Amalgam,War Master Voone,Shield Block,Firetree Witchdoctor,Acolyte of Pain,Warpath,Smolderthorn Lancer,Dragon Roar,Emberscale Drake,Harrison Jones,Dragonmaw Scorcher,Shield Slam,Scaleworm,Crowd Roaster,Barista Lynchen,Ysera,Proud Defender,Devastate,Weapons Project,44.48,LOW
Security Rover,Zilliax,Blood Razor,Woodcutter's Axe,Skaterbot,Omega Assembly,Eternium Rover,Rabid Worgen,Town Crier,Beryllium Nullifier,Dr. Boom, Mad Genius,Missile Launcher,Wargear,Darius Crowley,Devastate,Countess Ashmore,Bronze Gatekeeper,43.5,LOW
The Boomship,Slam,Zilliax,Blood Razor,Hakkar, the Soulflayer,Shield Block,Acolyte of Pain,Warpath,Omega Assembly,Smolderthorn Lancer,Dragon Roar,Dead Man's Hand,Emberscale Drake,Harrison Jones,Explore Un'Goro,Dr. Boom, Mad Genius,Execute,Brawl,Shield Slam,Weapons Project,Dyn-o-matic,43.47,LOW
Battle Rage,Shield Block,Shattered Sun Cleric,Gnomish Inventor,Execute,Cruel Taskmaster,Whirlwind,Frothing Berserker,Grommash Hellscream,Fiery War Axe,Raging Worgen,Kor'kron Elite,Amani Berserker,Arcanite Reaper,Gurubashi Berserker,Acolyte of Pain,Inner Rage,34.81,LOW
